subset_mask,subset_digits,cardinality,max_digit_in_subset,dimension
1,{1},1,1,0.000000000000000
2,{2},1,2,0.000000000000000
3,{1,2},2,2,0.531280506277205
4,{3},1,3,0.000000000000000
5,{1,3},2,3,0.454489077661829
6,{2,3},2,3,0.337436780806063
7,{1,2,3},3,3,0.705660908028738
8,{4},1,4,0.000000000000000
9,{1,4},2,4,0.411182724774792
10,{2,4},2,4,0.306312768052784
11,{1,2,4},3,4,0.669221486910286
12,{3,4},2,4,0.263737482897426
13,{1,3,4},3,4,0.604242257756489
14,{2,3,4},3,4,0.480696222317573
15,{1,2,3,4},4,4,0.788945557483154
16,{5},1,5,0.000000000000000
17,{1,5},2,5,0.382631102898852
18,{2,5},2,5,0.285964050689145
19,{1,2,5},3,5,0.646062082871233
20,{3,5},2,5,0.246570505647546
21,{1,3,5},3,5,0.581366821182972
22,{2,3,5},3,5,0.461613684018289
23,{1,2,3,5},4,5,0.770914939938412
24,{4,5},2,5,0.224660480485203
25,{1,4,5},3,5,0.546023546363114
26,{2,4,5},3,5,0.433306422396150
27,{1,2,4,5},4,5,0.740026860682427
28,{3,4,5},3,5,0.388689313381563
29,{1,3,4,5},4,5,0.682111998269430
30,{2,3,4,5},4,5,0.559636450164777
31,{1,2,3,4,5},5,5,0.836829443681209
