k,p_k,Delta_k,ratio,log_ratio,trend
1,22,1.198717717715873e+00,6.445518716306341e-01,-0.190742,SHRINK
2,333,3.480288917195638e-04,2.903343185606068e-04,-3.537102,SHRINK
3,355,2.459818122070685e+01,7.067856090674127e+04,4.849288,GROW
4,103993,2.429897187097985e-06,9.878361189779702e-08,-7.005315,SHRINK
5,104348,7.253994498439991e-06,2.985309229113271e+00,0.474989,GROW
6,208341,1.679467865687937e-06,2.315231788567134e-01,-0.635406,SHRINK
7,312689,3.887377728629760e-06,2.314648471727339e+00,0.364485,GROW
8,833719,3.225669733793750e-07,8.297803709779314e-02,-1.081037,SHRINK
