N,S_N,bulk_contribution,spike_contribution,spike_pct
1000000,3.031453940238830e+01,2.657507663235939e+00,2.765703173915236e+01,91.2336
