k,p_k,q_k,sin_p_k,abs_sin_p_k,term_magnitude,log10_term,cumulative_spike_sum
0,3,1,1.411200080598672e-01,1.411200080598672e-01,1.859769198533657e+00,0.269459,1.859769198533657e+00
1,22,7,-8.851309290403876e-03,8.851309290403876e-03,1.198717717715873e+00,0.078717,3.058486916249529e+00
2,333,106,-8.821166113885877e-03,8.821166113885877e-03,3.480288917195638e-04,-3.458385,3.058834945141249e+00
3,355,113,-3.014435335948845e-05,3.014435335948845e-05,2.459818122070685e+01,1.390903,2.765701616584810e+01
4,103993,33102,-1.912933577842375e-05,1.912933577842375e-05,2.429897187097985e-06,-5.614412,2.765701859574529e+01
5,104348,33215,-1.101501758424056e-05,1.101501758424056e-05,7.253994498439991e-06,-5.139423,2.765702584973979e+01
6,208341,66317,8.114318195038078e-06,8.114318195038078e-06,1.679467865687937e-06,-5.774828,2.765702752920765e+01
7,312689,99532,2.900699389332111e-06,2.900699389332111e-06,3.887377728629760e-06,-5.410343,2.765703141658538e+01
8,833719,265381,2.312919416452701e-06,2.312919416452701e-06,3.225669733793750e-07,-6.491380,2.765703173915236e+01
