k_index,K,mean_lyapunov,std_lyapunov,min_lyapunov,max_lyapunov,fraction_positive
0,0.0000000000,0.0000000000,0.0000000000,0.0000000000,0.0000000000,0.000000
1,0.0024425989,0.0000815833,0.0000242884,-0.0000893400,0.0001935825,0.994019
2,0.0048851979,0.0000953731,0.0000235935,-0.0000524468,0.0002366993,0.996948
3,0.0073277968,0.0001027296,0.0000240864,-0.0000780869,0.0002461293,0.997314
4,0.0097703957,0.0001088567,0.0000231644,-0.0000576033,0.0002416837,0.998535
5,0.0122129946,0.0001121645,0.0000235156,-0.0000414328,0.0002589304,0.999146
6,0.0146555936,0.0001159326,0.0000240762,-0.0000737628,0.0002542539,0.998535
7,0.0170981925,0.0001192422,0.0000229758,-0.0000692560,0.0002309704,0.999023
8,0.0195407914,0.0001213813,0.0000243439,-0.0000927995,0.0002534975,0.998657
9,0.0219833903,0.0001235144,0.0000236138,-0.0000516276,0.0002822971,0.999023
10,0.0244259893,0.0001259211,0.0000231771,-0.0000313562,0.0002352093,0.999268
11,0.0268685882,0.0001279010,0.0000235216,-0.0000561355,0.0002862743,0.998901
12,0.0293111871,0.0001288421,0.0000236206,-0.0000479153,0.0002277152,0.998901
13,0.0317537860,0.0001306914,0.0000233848,-0.0000342994,0.0003028984,0.999390
14,0.0341963850,0.0001315578,0.0000236219,-0.0000420302,0.0002578375,0.999390
15,0.0366389839,0.0001329095,0.0000244604,-0.0000953977,0.0002511382,0.998413
16,0.0390815828,0.0001346628,0.0000239594,-0.0000481348,0.0002818599,0.999390
17,0.0415241817,0.0001357344,0.0000235267,-0.0000976782,0.0002640832,0.999390
18,0.0439667807,0.0001365787,0.0000231707,-0.0000541498,0.0002549739,0.999634
19,0.0464093796,0.0001372806,0.0000239268,-0.0000675400,0.0002383166,0.999146
20,0.0488519785,0.0001386099,0.0000241243,-0.0000571520,0.0002987355,0.999146
21,0.0512945774,0.0001396203,0.0000243222,-0.0001385636,0.0002871100,0.999512
22,0.0537371764,0.0001400073,0.0000240580,-0.0000337166,0.0002728555,0.999268
23,0.0561797753,0.0001408165,0.0000243295,-0.0000485765,0.0002702987,0.999390
24,0.0586223742,0.0001417595,0.0000238035,-0.0000385752,0.0002571774,0.999146
25,0.0610649731,0.0001422403,0.0000241228,-0.0000899791,0.0002610636,0.999634
26,0.0635075721,0.0001435993,0.0000237126,-0.0000221167,0.0002546622,0.999512
27,0.0659501710,0.0001438217,0.0000237928,-0.0000011070,0.0002993663,0.999878
28,0.0683927699,0.0001447329,0.0000236250,-0.0000277771,0.0002666451,0.999878
29,0.0708353688,0.0001451129,0.0000240806,-0.0000105217,0.0002809241,0.999878
30,0.0732779678,0.0001460060,0.0000238371,-0.0000514782,0.0002941142,0.999756
31,0.0757205667,0.0001460622,0.0000242617,-0.0000251207,0.0002678898,0.999634
32,0.0781631656,0.0001472239,0.0000240451,-0.0000559614,0.0002804626,0.999634
33,0.0806057645,0.0001475361,0.0000237623,-0.0000329548,0.0002622699,0.999634
34,0.0830483635,0.0001483537,0.0000242296,-0.0000590227,0.0002496199,0.999756
35,0.0854909624,0.0001487291,0.0000240239,-0.0000298010,0.0002842110,0.999512
36,0.0879335613,0.0001492936,0.0000241441,-0.0000324615,0.0003062630,0.999634
37,0.0903761602,0.0001499222,0.0000237507,-0.0000604391,0.0002740811,0.999634
38,0.0928187592,0.0001502220,0.0000250281,-0.0000347060,0.0002679461,0.999390
39,0.0952613581,0.0001502587,0.0000247024,-0.0000419796,0.0002734263,0.999146
40,0.0977039570,0.0001510160,0.0000245604,-0.0000132265,0.0002992563,0.999512
41,0.1001465559,0.0001512360,0.0000248420,-0.0000447902,0.0002673733,0.999146
42,0.1025891549,0.0001521532,0.0000239385,-0.0000169478,0.0002931470,0.999756
43,0.1050317538,0.0001520936,0.0000247483,-0.0000745445,0.0002927441,0.999268
44,0.1074743527,0.0001521202,0.0000244636,-0.0000349818,0.0002792339,0.999878
45,0.1099169516,0.0001528548,0.0000247730,-0.0000404818,0.0002672581,0.999390
46,0.1123595506,0.0001533804,0.0000239751,0.0000127672,0.0002905192,1.000000
47,0.1148021495,0.0001535994,0.0000245508,-0.0000055105,0.0002723024,0.999878
48,0.1172447484,0.0001540656,0.0000246682,-0.0000718939,0.0002651373,0.999512
49,0.1196873473,0.0001543621,0.0000251649,-0.0000748043,0.0002796246,0.999146
50,0.1221299463,0.0001549049,0.0000250532,-0.0000484361,0.0002743949,0.999756
51,0.1245725452,0.0001546946,0.0000259012,-0.0000241747,0.0002763811,0.999512
52,0.1270151441,0.0001554106,0.0000250073,-0.0000158617,0.0002748957,0.999634
53,0.1294577430,0.0001556302,0.0000248687,-0.0000446732,0.0002753041,0.999512
54,0.1319003420,0.0001558803,0.0000252284,-0.0000369837,0.0002809826,0.999390
55,0.1343429409,0.0001564544,0.0000250627,-0.0000291711,0.0002612284,0.999634
56,0.1367855398,0.0001564612,0.0000247801,-0.0000303949,0.0002665109,0.999390
57,0.1392281387,0.0001565118,0.0000257671,-0.0000347625,0.0003026392,0.999390
58,0.1416707377,0.0001575745,0.0000249199,-0.0000185297,0.0003236202,0.999878
59,0.1441133366,0.0001576538,0.0000246969,-0.0000163506,0.0002879725,0.999878
60,0.1465559355,0.0001580100,0.0000252327,-0.0000120887,0.0003122421,0.999634
61,0.1489985344,0.0001580071,0.0000253320,-0.0000071966,0.0002845151,0.999878
62,0.1514411334,0.0001584755,0.0000258241,-0.0000373416,0.0002879188,0.999634
63,0.1538837323,0.0001586203,0.0000252473,-0.0000611978,0.0002731231,0.999512
64,0.1563263312,0.0001586266,0.0000257076,-0.0000272461,0.0002986635,0.999634
65,0.1587689301,0.0001587737,0.0000255909,-0.0000251301,0.0002758086,0.999756
66,0.1612115291,0.0001595449,0.0000256507,-0.0000048184,0.0002946159,0.999756
67,0.1636541280,0.0001595202,0.0000257341,-0.0000637672,0.0002847397,0.999634
68,0.1660967269,0.0001600526,0.0000254833,-0.0000045839,0.0003148839,0.999878
69,0.1685393258,0.0001602941,0.0000258270,-0.0000210802,0.0002989063,0.999634
70,0.1709819248,0.0001608235,0.0000413423,-0.0000805751,0.0030892157,0.999512
71,0.1734245237,0.0001609675,0.0000259982,-0.0000352955,0.0003027046,0.999268
72,0.1758671226,0.0001609182,0.0000256520,-0.0000204706,0.0003015715,0.999512
73,0.1783097215,0.0001616629,0.0000258720,-0.0000352563,0.0003106425,0.999756
74,0.1807523205,0.0001650516,0.0003044847,-0.0000575724,0.0276250036,0.999634
75,0.1831949194,0.0001613499,0.0000255786,-0.0000043110,0.0002768992,0.999878
76,0.1856375183,0.0001616165,0.0000263042,-0.0000828712,0.0002824644,0.999634
77,0.1880801172,0.0001621637,0.0000257330,-0.0000647948,0.0003310627,0.999756
78,0.1905227162,0.0001641423,0.0001874736,-0.0000145498,0.0169692870,0.999756
79,0.1929653151,0.0001646505,0.0001974658,-0.0000224731,0.0178768448,0.999512
80,0.1954079140,0.0001626950,0.0000259677,-0.0000357722,0.0002853100,0.999634
81,0.1978505129,0.0001632681,0.0000259829,-0.0000144964,0.0002913346,0.999634
82,0.2002931119,0.0001628216,0.0000264145,-0.0000203099,0.0003093599,0.999512
83,0.2027357108,0.0001631275,0.0000258283,-0.0000159217,0.0002637438,0.999634
84,0.2051783097,0.0001630927,0.0000263780,-0.0000386799,0.0003037923,0.999878
85,0.2076209086,0.0001684444,0.0003438631,-0.0000449548,0.0293009597,0.999634
86,0.2100635076,0.0001638227,0.0000260170,-0.0000204266,0.0002694333,0.999756
87,0.2125061065,0.0001637609,0.0000263912,-0.0000302901,0.0002686396,0.999512
88,0.2149487054,0.0001643849,0.0000263866,-0.0000117841,0.0003196719,0.999634
89,0.2173913043,0.0001643305,0.0000266649,-0.0000191204,0.0002959607,0.999512
90,0.2198339033,0.0001688260,0.0004284559,-0.0000287259,0.0388724668,0.999756
91,0.2222765022,0.0001640090,0.0000265503,-0.0000294425,0.0002775001,0.999756
92,0.2247191011,0.0001644909,0.0000266916,-0.0000313844,0.0002775437,0.999634
93,0.2271617000,0.0001662439,0.0000642335,-0.0000595321,0.0054690191,0.999756
94,0.2296042990,0.0001645053,0.0000266684,-0.0000502943,0.0003067752,0.999390
95,0.2320468979,0.0001647676,0.0000276535,-0.0000155610,0.0002882332,0.999268
96,0.2344894968,0.0001646987,0.0000274760,-0.0000369378,0.0002803294,0.999390
97,0.2369320957,0.0001655704,0.0000275726,-0.0000669237,0.0003006696,0.999512
98,0.2393746947,0.0001653859,0.0000271329,-0.0000187062,0.0002785037,0.999756
99,0.2418172936,0.0001679556,0.0002212610,-0.0000216463,0.0200348656,0.999634
100,0.2442598925,0.0001774494,0.0007239385,-0.0000461231,0.0504079983,0.999512
101,0.2467024915,0.0001814662,0.0006385187,-0.0000398910,0.0343794704,0.999756
102,0.2491450904,0.0001666375,0.0000270616,-0.0000564690,0.0003043556,0.999634
103,0.2515876893,0.0001701250,0.0003561653,-0.0000007866,0.0323111414,0.999878
104,0.2540302882,0.0001699647,0.0003027827,-0.0000152591,0.0274668101,0.999878
105,0.2564728872,0.0001670260,0.0000271737,-0.0000502714,0.0003122598,0.999512
106,0.2589154861,0.0001672982,0.0000587482,-0.0000155866,0.0048573230,0.999268
107,0.2613580850,0.0001716620,0.0003704165,-0.0000082561,0.0334309093,0.999756
108,0.2638006839,0.0001752895,0.0003932068,-0.0000706886,0.0233665548,0.999756
109,0.2662432829,0.0001774849,0.0006725128,-0.0000347046,0.0448832168,0.999756
110,0.2686858818,0.0001671852,0.0000272237,-0.0000311502,0.0003035221,0.999634
111,0.2711284807,0.0001713240,0.0003621470,-0.0000371337,0.0328491623,0.999390
112,0.2735710796,0.0001679526,0.0000271970,-0.0000003708,0.0002814524,0.999878
113,0.2760136786,0.0001791850,0.0006545082,-0.0000372800,0.0441973194,0.999634
114,0.2784562775,0.0001864901,0.0007025974,-0.0000360946,0.0325278475,0.999878
115,0.2808988764,0.0001726609,0.0003931357,-0.0000002955,0.0356651522,0.999878
116,0.2833414753,0.0001765260,0.0005861166,-0.0000009482,0.0408845867,0.999878
117,0.2857840743,0.0001767912,0.0005702301,-0.0000628019,0.0499968117,0.999512
118,0.2882266732,0.0001898213,0.0008962091,-0.0000371704,0.0427301756,0.999634
119,0.2906692721,0.0001949558,0.0011000639,-0.0000077006,0.0532154652,0.999756
120,0.2931118710,0.0001877293,0.0008791228,-0.0000321825,0.0433889561,0.999390
121,0.2955544700,0.0001849628,0.0008162645,-0.0000435780,0.0464496567,0.999512
122,0.2979970689,0.0001842133,0.0006592147,-0.0000255459,0.0386258609,0.999268
123,0.3004396678,0.0001925927,0.0009964511,-0.0000177137,0.0487423638,0.999634
124,0.3028822667,0.0001910067,0.0009910050,-0.0000429564,0.0599892137,0.999390
125,0.3053248657,0.0001992734,0.0011386315,-0.0000331162,0.0576438707,0.999023
126,0.3077674646,0.0001736466,0.0004429108,-0.0000102863,0.0400150840,0.999634
127,0.3102100635,0.0001971722,0.0010254922,-0.0000295181,0.0474482878,0.999634
128,0.3126526624,0.0001883336,0.0008801295,-0.0000384662,0.0535463488,0.999512
129,0.3150952614,0.0001932510,0.0010851904,-0.0000468502,0.0592403621,0.999023
130,0.3175378603,0.0002255155,0.0016862551,-0.0001056318,0.0633613344,0.999512
131,0.3199804592,0.0002141565,0.0014520045,-0.0000333039,0.0613514889,0.999756
132,0.3224230581,0.0002158463,0.0014028637,-0.0000458793,0.0568027930,0.999390
133,0.3248656571,0.0002156300,0.0014313155,-0.0000827152,0.0621840412,0.999756
134,0.3273082560,0.0002313611,0.0016646993,-0.0000279303,0.0563526383,0.999634
135,0.3297508549,0.0002036392,0.0012295397,-0.0000285370,0.0588494708,0.999634
136,0.3321934538,0.0001910323,0.0010078420,-0.0000328256,0.0626188854,0.999878
137,0.3346360528,0.0002074374,0.0012792528,-0.0000052480,0.0580612534,0.999756
138,0.3370786517,0.0002134961,0.0014541256,-0.0000534268,0.0549007318,0.999512
139,0.3395212506,0.0002346250,0.0017867517,-0.0000063020,0.0622164497,0.999756
140,0.3419638495,0.0002231156,0.0015446544,-0.0000275416,0.0665261580,0.999390
141,0.3444064485,0.0001947914,0.0008959942,-0.0000492092,0.0421418709,0.999512
142,0.3468490474,0.0002608711,0.0020742310,-0.0000423324,0.0672152025,0.999756
143,0.3492916463,0.0002519677,0.0020017862,-0.0000247945,0.0664182005,0.999512
144,0.3517342452,0.0002751888,0.0021469964,-0.0000845470,0.0657366885,0.999512
145,0.3541768442,0.0002584733,0.0020847983,-0.0000636524,0.0766011089,0.999390
146,0.3566194431,0.0002302992,0.0017297710,-0.0000315728,0.0727484529,0.999512
147,0.3590620420,0.0002441920,0.0017557078,-0.0000401473,0.0592105746,0.999390
148,0.3615046409,0.0002659035,0.0022438723,-0.0000243146,0.0683206697,0.999756
149,0.3639472399,0.0002545343,0.0020495929,-0.0000721389,0.0624695957,0.999390
150,0.3663898388,0.0002550486,0.0020426627,-0.0000254728,0.0625388091,0.999756
151,0.3688324377,0.0002874472,0.0024452470,-0.0000184483,0.0732272037,0.999634
152,0.3712750366,0.0002725795,0.0022370588,-0.0000014555,0.0760916706,0.999878
153,0.3737176356,0.0002635141,0.0020783179,-0.0000594807,0.0621374398,0.999512
154,0.3761602345,0.0002869396,0.0023698132,-0.0000640635,0.0684567871,0.999146
155,0.3786028334,0.0002861751,0.0024932283,-0.0000199272,0.0653454971,0.999878
156,0.3810454323,0.0003050167,0.0026556321,-0.0000065871,0.0714201032,0.999878
157,0.3834880313,0.0003154725,0.0027194152,-0.0000319110,0.0731650240,0.999878
158,0.3859306302,0.0003356022,0.0030194958,-0.0000266696,0.0733795861,0.999634
159,0.3883732291,0.0003666537,0.0031932610,-0.0000201945,0.0747876411,0.999756
160,0.3908158280,0.0003460278,0.0031183830,-0.0000666209,0.0777823634,0.999512
161,0.3932584270,0.0003625743,0.0031950766,-0.0000176498,0.0776206642,0.999634
162,0.3957010259,0.0003373936,0.0029892459,-0.0000242676,0.0805697823,0.999512
163,0.3981436248,0.0004231099,0.0037511474,-0.0000851521,0.0794172524,0.999512
164,0.4005862237,0.0003858065,0.0034160727,-0.0000684680,0.0699049620,0.999146
165,0.4030288227,0.0004290897,0.0038252312,-0.0000407409,0.0725804309,0.999512
166,0.4054714216,0.0004310755,0.0038648496,-0.0000367018,0.0752119276,0.999268
167,0.4079140205,0.0004266626,0.0038525336,-0.0000350523,0.0743683380,0.999512
168,0.4103566194,0.0004350323,0.0039246959,-0.0000318027,0.0847413140,0.999512
169,0.4127992184,0.0003646196,0.0033136300,-0.0000115473,0.0737318640,0.999512
170,0.4152418173,0.0003967037,0.0035705663,-0.0000622851,0.0812995331,0.999878
171,0.4176844162,0.0004115393,0.0036275375,-0.0000358685,0.0760259357,0.999268
172,0.4201270151,0.0004965101,0.0043593992,-0.0000402190,0.0817740574,0.999756
173,0.4225696141,0.0005377427,0.0046201081,-0.0000110329,0.0847956150,0.999634
174,0.4250122130,0.0004337342,0.0038705488,-0.0000269628,0.0792252673,0.999756
175,0.4274548119,0.0004624360,0.0041678835,-0.0000566663,0.0786280684,0.999512
176,0.4298974108,0.0004305514,0.0039555685,-0.0000276109,0.0834733797,0.999268
177,0.4323400098,0.0005592063,0.0048519058,-0.0000392904,0.0813945753,0.999756
178,0.4347826087,0.0005390622,0.0047035959,-0.0000315202,0.0800660384,0.999634
179,0.4372252076,0.0005230175,0.0045434414,-0.0000489711,0.0771301790,0.999390
180,0.4396678065,0.0005126060,0.0045944436,-0.0000148170,0.0874595386,0.999634
181,0.4421104055,0.0005996742,0.0051153674,-0.0000141299,0.0872705593,0.999634
182,0.4445530044,0.0004882604,0.0043651694,-0.0000053139,0.0816058016,0.999756
183,0.4469956033,0.0005345359,0.0047921453,-0.0000215528,0.0818312557,0.999756
184,0.4494382022,0.0007568349,0.0060946917,-0.0000178684,0.0848787897,0.999512
185,0.4518808012,0.0006275203,0.0052730268,-0.0000439358,0.0836663767,0.999512
186,0.4543234001,0.0006159537,0.0052131103,-0.0000403317,0.0858371198,0.999390
187,0.4567659990,0.0005141202,0.0046179300,-0.0000141899,0.0910537856,0.999634
188,0.4592085979,0.0006212460,0.0053109389,-0.0000159566,0.0861527038,0.999268
189,0.4616511969,0.0007980644,0.0063914088,-0.0000186945,0.0847691495,0.999512
190,0.4640937958,0.0007946826,0.0062733892,-0.0000811111,0.0871460419,0.999756
191,0.4665363947,0.0006537145,0.0053134741,-0.0000610485,0.0804929926,0.999390
192,0.4689789936,0.0007338441,0.0059722724,-0.0000321665,0.0890212712,0.999268
193,0.4714215926,0.0005943185,0.0050788699,-0.0000400998,0.0912465545,0.999512
194,0.4738641915,0.0007446046,0.0060590567,-0.0000391449,0.0990923292,0.999878
195,0.4763067904,0.0008087959,0.0064420654,-0.0000647722,0.0927820109,0.999390
196,0.4787493894,0.0006988245,0.0056703946,-0.0000412473,0.0870754745,0.999756
197,0.4811919883,0.0008981143,0.0068961092,0.0000089341,0.0880552696,1.000000
198,0.4836345872,0.0008020208,0.0062675866,-0.0000251530,0.0867236870,0.999756
199,0.4860771861,0.0009299485,0.0071380295,-0.0000190748,0.0943196756,0.999634
200,0.4885197851,0.0008254659,0.0066758112,-0.0000318102,0.0913776851,0.999390
201,0.4909623840,0.0008890310,0.0071000259,-0.0000141180,0.0962960088,0.999756
202,0.4934049829,0.0008911160,0.0069306989,-0.0000213624,0.0944819965,0.999878
203,0.4958475818,0.0011127140,0.0079717660,-0.0000494189,0.0931547545,0.999634
204,0.4982901808,0.0010024190,0.0074479351,-0.0000036436,0.0928401142,0.999634
205,0.5007327797,0.0011864577,0.0084656438,-0.0000416158,0.0970865380,0.999390
206,0.5031753786,0.0011251033,0.0081048304,-0.0000264885,0.0952868869,0.999390
207,0.5056179775,0.0010882326,0.0081040185,-0.0000624766,0.0960956513,0.999634
208,0.5080605765,0.0012113605,0.0082971186,-0.0000010052,0.0975405301,0.999878
209,0.5105031754,0.0011664579,0.0083358898,-0.0000433246,0.0970956849,0.999878
210,0.5129457743,0.0011598620,0.0081203201,-0.0000238036,0.0961523184,0.999634
211,0.5153883732,0.0013277649,0.0089570264,-0.0000359356,0.0957099733,0.999756
212,0.5178309722,0.0012690121,0.0086736461,-0.0000718198,0.0988019075,0.999634
213,0.5202735711,0.0013578121,0.0091801512,-0.0000018215,0.0950906316,0.999756
214,0.5227161700,0.0014379968,0.0095174757,-0.0000635049,0.0974490287,0.999390
215,0.5251587689,0.0014707499,0.0097324341,-0.0000284068,0.0991887548,0.999512
216,0.5276013679,0.0014596493,0.0097595289,-0.0000645765,0.1011003771,0.999390
217,0.5300439668,0.0014822510,0.0097906682,-0.0000083668,0.0993773171,0.999878
218,0.5324865657,0.0015014123,0.0096948313,-0.0000434930,0.0978793827,0.999512
219,0.5349291646,0.0015681847,0.0100655131,-0.0000179953,0.1014530932,0.999634
220,0.5373717636,0.0015777345,0.0102290156,-0.0000624548,0.0996598738,0.999634
221,0.5398143625,0.0018849053,0.0113750674,-0.0000556784,0.0988905874,0.999634
222,0.5422569614,0.0018118482,0.0111232929,-0.0000194713,0.1033550329,0.999634
223,0.5446995603,0.0016926249,0.0105525267,-0.0001012034,0.1024017960,0.999268
224,0.5471421593,0.0018035752,0.0109903416,-0.0000312505,0.1082584587,0.999512
225,0.5495847582,0.0019473679,0.0114385906,-0.0000427630,0.1094174767,0.999268
226,0.5520273571,0.0018258516,0.0110497441,-0.0000289112,0.1047972143,0.999390
227,0.5544699560,0.0019390008,0.0113557555,-0.0000784547,0.1094173622,0.999390
228,0.5569125550,0.0018502719,0.0111359426,-0.0000598409,0.1059725912,0.999268
229,0.5593551539,0.0020151596,0.0118341552,-0.0000191354,0.1083146182,0.999512
230,0.5617977528,0.0018252909,0.0112612410,-0.0000337376,0.1100150536,0.999512
231,0.5642403517,0.0019742537,0.0117782819,-0.0000139351,0.1063662216,0.999512
232,0.5666829507,0.0021193023,0.0121545959,-0.0000347759,0.1142828980,0.999756
233,0.5691255496,0.0021355839,0.0123468834,-0.0000343516,0.1068003530,0.999268
234,0.5715681485,0.0023495982,0.0129859803,-0.0000199737,0.1131748173,0.999756
235,0.5740107474,0.0022049414,0.0127110596,-0.0000290879,0.1087775220,0.999268
236,0.5764533464,0.0021704346,0.0124293859,-0.0000211558,0.1129302836,0.999146
237,0.5788959453,0.0023507129,0.0131523960,-0.0000798883,0.1094869383,0.999268
238,0.5813385442,0.0026159882,0.0139843761,-0.0000346602,0.1140961438,0.999756
239,0.5837811431,0.0025870379,0.0139968573,-0.0000359586,0.1113654547,0.999146
240,0.5862237421,0.0026391595,0.0141951527,-0.0000126134,0.1117052536,0.999512
241,0.5886663410,0.0025349243,0.0137013021,-0.0000670018,0.1110870081,0.999634
242,0.5911089399,0.0024041819,0.0132427461,-0.0000515705,0.1106410807,0.998779
243,0.5935515388,0.0026987026,0.0143372800,-0.0000384550,0.1135293335,0.999634
244,0.5959941378,0.0028082911,0.0145688413,-0.0000347998,0.1145328803,0.999023
245,0.5984367367,0.0029347109,0.0148766162,-0.0000592958,0.1151485641,0.999390
246,0.6008793356,0.0029577540,0.0149557436,-0.0000100416,0.1201351456,0.999634
247,0.6033219345,0.0029206915,0.0147642704,-0.0000489146,0.1131392767,0.999512
248,0.6057645335,0.0032306310,0.0157399136,-0.0000485055,0.1184895485,0.999268
249,0.6082071324,0.0029686454,0.0149471135,-0.0000232072,0.1109097537,0.999512
250,0.6106497313,0.0032479287,0.0159766318,-0.0000537121,0.1180822850,0.999268
251,0.6130923302,0.0033494664,0.0159922385,-0.0000293042,0.1189912707,0.999512
252,0.6155349292,0.0034396761,0.0161825719,-0.0000452728,0.1196825880,0.999146
253,0.6179775281,0.0034617137,0.0164782444,-0.0000542897,0.1193503356,0.999512
254,0.6204201270,0.0032667618,0.0159394371,-0.0000435803,0.1161476912,0.999512
255,0.6228627259,0.0039338678,0.0176439710,-0.0000472226,0.1193558651,0.999634
256,0.6253053249,0.0037193257,0.0170700310,-0.0000363731,0.1167902201,0.999390
257,0.6277479238,0.0039296865,0.0179037670,-0.0000405469,0.1246831990,0.999512
258,0.6301905227,0.0036858520,0.0172370833,-0.0000086062,0.1215980806,0.999878
259,0.6326331216,0.0041549272,0.0184525171,-0.0000480599,0.1193159727,0.999146
260,0.6350757206,0.0036281851,0.0171111747,-0.0000471316,0.1202796601,0.999390
261,0.6375183195,0.0037245676,0.0173155603,-0.0000266429,0.1176692553,0.999512
262,0.6399609184,0.0040857344,0.0183409887,-0.0000055366,0.1215330960,0.999634
263,0.6424035173,0.0045267783,0.0192576074,-0.0000332659,0.1201105591,0.999512
264,0.6448461163,0.0049723108,0.0203466232,-0.0000270981,0.1254349027,0.999634
265,0.6472887152,0.0041853889,0.0186413677,-0.0000832620,0.1217217021,0.998413
266,0.6497313141,0.0045562341,0.0193914931,-0.0001293782,0.1256922930,0.999268
267,0.6521739130,0.0043676164,0.0189953943,-0.0000422877,0.1248025673,0.999390
268,0.6546165120,0.0047477207,0.0196652820,-0.0000154742,0.1253173694,0.999634
269,0.6570591109,0.0049512730,0.0201528168,-0.0000117364,0.1332178520,0.999756
270,0.6595017098,0.0053993085,0.0210517210,-0.0000976361,0.1244141614,0.998901
271,0.6619443087,0.0046591811,0.0196555493,-0.0000300570,0.1253389752,0.999268
272,0.6643869077,0.0046457263,0.0196570305,-0.0000215126,0.1228891247,0.999390
273,0.6668295066,0.0051959082,0.0208894666,-0.0000343004,0.1254598546,0.999756
274,0.6692721055,0.0052056391,0.0209028048,-0.0000298814,0.1251612479,0.999512
275,0.6717147044,0.0055249364,0.0215421364,-0.0000363438,0.1252449746,0.999023
276,0.6741573034,0.0056995116,0.0220365357,-0.0000379364,0.1341490324,0.999512
277,0.6765999023,0.0056535238,0.0217533027,-0.0000222199,0.1288780199,0.999390
278,0.6790425012,0.0056036883,0.0217547665,-0.0000295579,0.1314531790,0.999268
279,0.6814851001,0.0060134181,0.0225560920,-0.0000318131,0.1320445057,0.999390
280,0.6839276991,0.0059242112,0.0223928801,-0.0000593880,0.1348106944,0.999756
281,0.6863702980,0.0058982103,0.0224439705,-0.0000444805,0.1335032630,0.999268
282,0.6888128969,0.0068207750,0.0240970559,-0.0000247960,0.1331732444,0.999390
283,0.6912554958,0.0066244436,0.0239867146,-0.0000090706,0.1316908289,0.999268
284,0.6936980948,0.0066408619,0.0239700984,-0.0000140794,0.1336382134,0.999878
285,0.6961406937,0.0068184109,0.0242037834,-0.0000254576,0.1317259208,0.999390
286,0.6985832926,0.0070229958,0.0248861321,-0.0000460881,0.1357367903,0.999512
287,0.7010258915,0.0065474995,0.0238965152,-0.0000440082,0.1332757141,0.999146
288,0.7034684905,0.0064645244,0.0237986368,-0.0000223548,0.1314676171,0.999146
289,0.7059110894,0.0069318286,0.0246233864,-0.0000366320,0.1335005098,0.999268
290,0.7083536883,0.0069662870,0.0248286796,-0.0000221887,0.1390771467,0.999146
291,0.7107962872,0.0075155148,0.0257077060,-0.0000539487,0.1330591892,0.999512
292,0.7132388862,0.0078782410,0.0262209135,-0.0000337920,0.1346889975,0.999023
293,0.7156814851,0.0080473026,0.0267004375,-0.0000541521,0.1401558803,0.999146
294,0.7181240840,0.0078907456,0.0263056288,-0.0000465674,0.1358687215,0.998901
295,0.7205666830,0.0081191544,0.0268969065,-0.0000330486,0.1383207311,0.999634
296,0.7230092819,0.0078528576,0.0264601817,-0.0000343703,0.1399175739,0.999023
297,0.7254518808,0.0080803450,0.0268721566,-0.0000224806,0.1375751656,0.999390
298,0.7278944797,0.0081867688,0.0270124992,-0.0000740534,0.1429483272,0.999634
299,0.7303370787,0.0083604239,0.0272720034,-0.0000484410,0.1405651525,0.999634
300,0.7327796776,0.0088275724,0.0277823787,-0.0000405857,0.1412788474,0.999512
301,0.7352222765,0.0083625879,0.0274100399,-0.0000425826,0.1413724053,0.999023
302,0.7376648754,0.0089392740,0.0283707766,-0.0000177699,0.1444532426,0.999634
303,0.7401074744,0.0088215738,0.0280719312,-0.0000623674,0.1398821824,0.999390
304,0.7425500733,0.0097618872,0.0293738493,-0.0000218453,0.1439731738,0.999512
305,0.7449926722,0.0099348992,0.0300086620,-0.0000275513,0.1411337120,0.999146
306,0.7474352711,0.0099707282,0.0299805462,-0.0000845509,0.1433801764,0.999634
307,0.7498778701,0.0103302345,0.0307543457,-0.0000316929,0.1435830109,0.999512
308,0.7523204690,0.0095211616,0.0294126117,-0.0000271510,0.1463514652,0.999878
309,0.7547630679,0.0102157818,0.0304738556,-0.0000379076,0.1447259007,0.998535
310,0.7572056668,0.0102537388,0.0305396690,-0.0000309388,0.1454685240,0.999146
311,0.7596482658,0.0110908423,0.0317083250,-0.0000182868,0.1502730548,0.999634
312,0.7620908647,0.0105438490,0.0307438972,-0.0000243419,0.1435056722,0.999634
313,0.7645334636,0.0115627066,0.0321788773,-0.0000324375,0.1540910290,0.999512
314,0.7669760625,0.0111492098,0.0315052388,-0.0000254451,0.1497725782,0.999268
315,0.7694186615,0.0110784357,0.0315041787,-0.0000212675,0.1455595915,0.999023
316,0.7718612604,0.0117048032,0.0322709463,-0.0000287849,0.1507150457,0.999390
317,0.7743038593,0.0124267611,0.0332954762,-0.0000219871,0.1495996211,0.999512
318,0.7767464582,0.0123892606,0.0331786194,-0.0000622052,0.1454310713,0.999390
319,0.7791890572,0.0126159798,0.0339380463,-0.0000166554,0.1440393646,0.999634
320,0.7816316561,0.0122512999,0.0330721972,-0.0000473580,0.1487381215,0.998779
321,0.7840742550,0.0130962242,0.0343673055,-0.0000462769,0.1518900255,0.998901
322,0.7865168539,0.0137431873,0.0348784570,-0.0000439565,0.1503317019,0.999634
323,0.7889594529,0.0130375874,0.0340214520,-0.0000477648,0.1529448474,0.999146
324,0.7914020518,0.0134190379,0.0345094499,-0.0000532553,0.1453569090,0.998901
325,0.7938446507,0.0133348665,0.0345188728,-0.0000213878,0.1492228094,0.999756
326,0.7962872496,0.0142815831,0.0356701274,-0.0000420770,0.1507463971,0.999146
327,0.7987298486,0.0140357059,0.0354763836,-0.0000513298,0.1525923125,0.999390
328,0.8011724475,0.0149145520,0.0365946418,-0.0000070706,0.1509144156,0.999512
329,0.8036150464,0.0148585676,0.0362122346,-0.0000319983,0.1497021497,0.999146
330,0.8060576453,0.0143518612,0.0354701399,-0.0000216198,0.1516591996,0.999512
331,0.8085002443,0.0146444003,0.0361419488,-0.0000478148,0.1552339209,0.998779
332,0.8109428432,0.0149942615,0.0366490696,-0.0000627918,0.1541649111,0.999268
333,0.8133854421,0.0160772950,0.0378552452,-0.0000795930,0.1523780503,0.999023
334,0.8158280410,0.0162320798,0.0380068394,-0.0001517976,0.1505467663,0.999146
335,0.8182706400,0.0164345756,0.0382830840,-0.0000472468,0.1514992044,0.999146
336,0.8207132389,0.0162457519,0.0381719608,-0.0000901999,0.1545500175,0.999634
337,0.8231558378,0.0171653486,0.0391396145,-0.0000195035,0.1555694088,0.999634
338,0.8255984367,0.0168292084,0.0389142520,-0.0000519414,0.1596269612,0.998779
339,0.8280410357,0.0164476464,0.0385534005,-0.0000671236,0.1569967940,0.998901
340,0.8304836346,0.0175186577,0.0398853025,-0.0000576920,0.1560324245,0.999268
341,0.8329262335,0.0182101906,0.0405454785,-0.0000603707,0.1563685313,0.999023
342,0.8353688324,0.0181836324,0.0408199746,-0.0000405925,0.1561272777,0.999390
343,0.8378114314,0.0176787766,0.0401031258,-0.0000512130,0.1598303623,0.999390
344,0.8402540303,0.0185811922,0.0411941287,-0.0000427926,0.1629913781,0.998779
345,0.8426966292,0.0195993980,0.0424055147,-0.0000229898,0.1706894944,0.999023
346,0.8451392281,0.0194846555,0.0421353187,-0.0000307437,0.1592856494,0.999146
347,0.8475818271,0.0201870768,0.0426282946,-0.0000454668,0.1594467848,0.999268
348,0.8500244260,0.0207268099,0.0430368087,-0.0000411481,0.1635826825,0.998535
349,0.8524670249,0.0209165954,0.0435356880,-0.0000264253,0.1703349421,0.998901
350,0.8549096238,0.0207961992,0.0434467127,-0.0000688393,0.1608277510,0.999390
351,0.8573522228,0.0204127715,0.0427302697,-0.0000671399,0.1594107221,0.999023
352,0.8597948217,0.0206567649,0.0429427251,-0.0000532085,0.1624074761,0.998535
353,0.8622374206,0.0212314735,0.0436907249,-0.0000343855,0.1613003321,0.999268
354,0.8646800195,0.0216709396,0.0442319906,-0.0000717144,0.1656290685,0.998901
355,0.8671226185,0.0227339572,0.0448510303,-0.0000505650,0.1645136866,0.998901
356,0.8695652174,0.0225846703,0.0447450997,-0.0000275373,0.1642551346,0.999634
357,0.8720078163,0.0222983661,0.0446596500,-0.0000744361,0.1647001037,0.998535
358,0.8744504152,0.0240386940,0.0459149840,-0.0000436618,0.1673589814,0.999268
359,0.8768930142,0.0241623871,0.0459947475,-0.0000581497,0.1646389784,0.999146
360,0.8793356131,0.0236304454,0.0453989164,-0.0000238820,0.1664092148,0.998779
361,0.8817782120,0.0260780249,0.0470995495,-0.0000484576,0.1628147611,0.998779
362,0.8842208109,0.0252899621,0.0466284002,-0.0000856925,0.1632835085,0.998901
363,0.8866634099,0.0245485266,0.0463045492,-0.0000328799,0.1654890245,0.998657
364,0.8891060088,0.0257858855,0.0466466557,-0.0000472927,0.1671495049,0.999512
365,0.8915486077,0.0262825355,0.0473577223,-0.0000313535,0.1680577359,0.999634
366,0.8939912066,0.0271640565,0.0479206183,-0.0000512366,0.1665042532,0.998657
367,0.8964338056,0.0272321787,0.0478193277,-0.0000567190,0.1694590142,0.998901
368,0.8988764045,0.0280380744,0.0484991562,-0.0000328398,0.1722428810,0.998901
369,0.9013190034,0.0290596776,0.0488589575,-0.0000472518,0.1693777973,0.998901
370,0.9037616023,0.0270051846,0.0478081007,-0.0000245138,0.1691863628,0.999390
371,0.9062042013,0.0293832573,0.0489086353,-0.0000622042,0.1704656111,0.998779
372,0.9086468002,0.0292593559,0.0487311351,-0.0000706369,0.1690414697,0.999268
373,0.9110893991,0.0302557879,0.0495054758,-0.0000373396,0.1703365082,0.999023
374,0.9135319980,0.0313616767,0.0496167561,-0.0000525153,0.1725791414,0.999390
375,0.9159745970,0.0310977925,0.0498384670,-0.0000743769,0.1759126568,0.999023
376,0.9184171959,0.0310967863,0.0496030036,-0.0000556558,0.1723419066,0.999023
377,0.9208597948,0.0325479397,0.0511310304,-0.0000415463,0.1806078413,0.999634
378,0.9233023937,0.0319385752,0.0502059958,-0.0000909052,0.1728550718,0.999390
379,0.9257449927,0.0328367340,0.0505803325,-0.0000634947,0.1746909527,0.999390
380,0.9281875916,0.0337778302,0.0511671563,-0.0000564138,0.1725278577,0.999268
381,0.9306301905,0.0349762782,0.0518107648,-0.0000337012,0.1699798637,0.999023
382,0.9330727894,0.0344085497,0.0515046522,-0.0000457005,0.1744542812,0.999268
383,0.9355153884,0.0357256617,0.0523883204,-0.0000575678,0.1717865469,0.998779
384,0.9379579873,0.0361897668,0.0526420449,-0.0000810335,0.1789800780,0.999023
385,0.9404005862,0.0355484049,0.0521908691,-0.0000580748,0.1705691797,0.999023
386,0.9428431851,0.0360790390,0.0528656623,-0.0000394272,0.1701464096,0.999146
387,0.9452857841,0.0375906511,0.0539145416,-0.0000605662,0.1770871694,0.999390
388,0.9477283830,0.0381733910,0.0537990162,-0.0000623229,0.1724335003,0.999023
389,0.9501709819,0.0391035244,0.0543712059,-0.0000316715,0.1767122728,0.999146
390,0.9526135809,0.0392572131,0.0543732619,-0.0000274142,0.1766485912,0.998779
391,0.9550561798,0.0396698207,0.0548249338,-0.0000352879,0.1802021530,0.999023
392,0.9574987787,0.0398203653,0.0553620652,-0.0000858372,0.1742932585,0.999268
393,0.9599413776,0.0413134521,0.0560550032,-0.0000660252,0.1797157614,0.999390
394,0.9623839766,0.0424391562,0.0562423295,-0.0000171578,0.1800627451,0.999268
395,0.9648265755,0.0405062622,0.0558376466,-0.0000578988,0.1761407675,0.999023
396,0.9672691744,0.0412607186,0.0556177066,-0.0000247443,0.1808002915,0.999268
397,0.9697117733,0.0426163143,0.0567243606,-0.0000165063,0.1773143644,0.999512
398,0.9721543723,0.0445638827,0.0572433685,-0.0000408971,0.1811058279,0.999146
399,0.9745969712,0.0441057687,0.0570585947,-0.0000567819,0.1838112790,0.999146
400,0.9770395701,0.0449393163,0.0578171707,-0.0000143672,0.1845094284,0.999634
401,0.9794821690,0.0456856131,0.0578318400,-0.0000157478,0.1821069273,0.999634
402,0.9819247680,0.0454268782,0.0574957212,-0.0000523892,0.1775782977,0.999512
403,0.9843673669,0.0465208033,0.0583572965,-0.0000393412,0.1779063031,0.998901
404,0.9868099658,0.0469051739,0.0582518468,-0.0000483819,0.1818090558,0.999268
405,0.9892525647,0.0487112434,0.0595240211,-0.0000653277,0.1821093428,0.999023
406,0.9916951637,0.0481544808,0.0593295347,-0.0000433183,0.1872014708,0.998657
407,0.9941377626,0.0513949298,0.0604236888,-0.0000872848,0.1863827519,0.998657
408,0.9965803615,0.0502610608,0.0604137679,-0.0000353466,0.1856962667,0.999146
409,0.9990229604,0.0509638030,0.0602467519,-0.0000336041,0.1831901552,0.999390
410,1.0014655594,0.0514730899,0.0604219654,-0.0000436904,0.1839107328,0.998901
411,1.0039081583,0.0518896931,0.0605492886,-0.0000460896,0.1908733605,0.999268
412,1.0063507572,0.0527698188,0.0608472268,-0.0000455999,0.1843161970,0.999390
413,1.0087933561,0.0527406672,0.0612426054,-0.0000279927,0.1879571509,0.999512
414,1.0112359551,0.0551741544,0.0618145347,-0.0000687761,0.1944272360,0.999634
415,1.0136785540,0.0542291423,0.0619207810,-0.0000440068,0.1884014855,0.999268
416,1.0161211529,0.0556826132,0.0623626834,-0.0000308389,0.1927421236,0.999390
417,1.0185637518,0.0573902201,0.0631243307,-0.0000737982,0.1863750119,0.998657
418,1.0210063508,0.0552674412,0.0621776906,-0.0000443633,0.1976565719,0.999268
419,1.0234489497,0.0572651654,0.0631629358,-0.0000169105,0.1914388205,0.999023
420,1.0258915486,0.0571749046,0.0631238654,-0.0000208202,0.1957092623,0.999146
421,1.0283341475,0.0582881967,0.0637272814,-0.0000268781,0.1927320615,0.999390
422,1.0307767465,0.0589389252,0.0642123511,-0.0000024477,0.1920200033,0.999512
423,1.0332193454,0.0608648581,0.0649083205,-0.0000457963,0.1920131628,0.999390
424,1.0356619443,0.0598324313,0.0647922727,-0.0000579146,0.1897669231,0.999756
425,1.0381045432,0.0616562882,0.0650419867,-0.0000615666,0.1927796607,0.999390
426,1.0405471422,0.0612527658,0.0653977924,-0.0000560310,0.1959074411,0.999390
427,1.0429897411,0.0631867682,0.0660074500,-0.0000452218,0.1963817006,0.999390
428,1.0454323400,0.0654290396,0.0655772818,-0.0000793732,0.2026706444,0.999390
429,1.0478749389,0.0636865864,0.0654716528,-0.0000622542,0.1932362877,0.999268
430,1.0503175379,0.0651254464,0.0660475732,-0.0000739696,0.1926363641,0.998535
431,1.0527601368,0.0649960614,0.0662879764,-0.0000347346,0.1904004905,0.999512
432,1.0552027357,0.0649718733,0.0664532984,-0.0000340526,0.1913214121,0.999390
433,1.0576453346,0.0657549759,0.0669066619,-0.0000489268,0.1959822223,0.999268
434,1.0600879336,0.0671666620,0.0673616682,-0.0000268054,0.2013507983,0.999512
435,1.0625305325,0.0677990284,0.0675299884,-0.0000405714,0.1950357423,0.999146
436,1.0649731314,0.0686793805,0.0676339328,-0.0000560237,0.1910089581,0.998901
437,1.0674157303,0.0690216363,0.0675621005,-0.0000344882,0.1933671690,0.999634
438,1.0698583293,0.0710362034,0.0681022969,-0.0000402011,0.1983118362,0.999390
439,1.0723009282,0.0718610008,0.0682656046,-0.0000645566,0.1982251442,0.999390
440,1.0747435271,0.0723586637,0.0684413959,-0.0000134880,0.2058656320,0.999634
441,1.0771861260,0.0728951164,0.0687961008,-0.0000330232,0.1964692444,0.999512
442,1.0796287250,0.0739022988,0.0693721883,-0.0000385937,0.1987829647,0.999756
443,1.0820713239,0.0747334957,0.0698346121,-0.0000617676,0.2025592951,0.999512
444,1.0845139228,0.0749315588,0.0698845997,-0.0000078877,0.1969444142,0.999878
445,1.0869565217,0.0770281027,0.0703516305,-0.0000285767,0.2012050383,0.999634
446,1.0893991207,0.0774296506,0.0706875402,-0.0000369093,0.2017797848,0.999512
447,1.0918417196,0.0770947572,0.0713437228,-0.0000343637,0.2050545863,0.999634
448,1.0942843185,0.0777315779,0.0717082255,-0.0000652290,0.2019885453,0.999146
449,1.0967269174,0.0782297628,0.0723283478,-0.0000082514,0.2029325138,0.999878
450,1.0991695164,0.0791063142,0.0729569340,-0.0000407741,0.2012928194,0.999390
451,1.1016121153,0.0791574500,0.0734814773,-0.0000390645,0.1977841647,0.999878
452,1.1040547142,0.0814189273,0.0733477396,-0.0000339445,0.2011903728,0.999634
453,1.1064973131,0.0809595008,0.0738815384,-0.0000260584,0.2118480840,0.999268
454,1.1089399121,0.0817003276,0.0743439719,-0.0000246545,0.2081310301,0.999634
455,1.1113825110,0.0813333756,0.0752076757,-0.0000433026,0.2083227132,0.999390
456,1.1138251099,0.0843065493,0.0754244227,-0.0000546665,0.2085918959,0.999390
457,1.1162677088,0.0855251909,0.0757467377,-0.0000229139,0.2049143682,0.999634
458,1.1187103078,0.0868110496,0.0763694821,-0.0000352835,0.2049617354,0.999390
459,1.1211529067,0.0869278645,0.0762027384,-0.0000742874,0.2018713965,0.999634
460,1.1235955056,0.0867241448,0.0768592186,-0.0000307065,0.2014721440,0.999390
461,1.1260381045,0.0878756241,0.0773251127,-0.0000217286,0.2019418191,0.999146
462,1.1284807035,0.0880969557,0.0776087427,-0.0000134626,0.2041423250,0.999878
463,1.1309233024,0.0875379542,0.0782837055,-0.0000212713,0.2057439036,0.999390
464,1.1333659013,0.0883370499,0.0786042180,-0.0000042340,0.2047514904,0.999878
465,1.1358085002,0.0911729260,0.0790564179,-0.0000262267,0.2100662375,0.999512
466,1.1382510992,0.0915181447,0.0794110375,-0.0000251624,0.2025080659,0.999390
467,1.1406936981,0.0916556653,0.0800394600,-0.0000190252,0.2047337941,0.999634
468,1.1431362970,0.0922172615,0.0806094202,-0.0000310995,0.2087422184,0.999756
469,1.1455788959,0.0947857062,0.0807932832,-0.0000139073,0.2115250824,0.999512
470,1.1480214949,0.0935123334,0.0819331917,-0.0000103027,0.2102026126,0.999634
471,1.1504640938,0.0936418960,0.0820265220,-0.0000347616,0.2071265320,0.999390
472,1.1529066927,0.0957495645,0.0823640884,-0.0000447136,0.2093828679,0.999634
473,1.1553492916,0.0973547206,0.0822633480,-0.0000021082,0.2097305247,0.999878
474,1.1577918906,0.0964386520,0.0826721081,-0.0000391856,0.2083539502,0.999268
475,1.1602344895,0.0987237546,0.0827436781,-0.0000431166,0.2130840217,0.999512
476,1.1626770884,0.0982142364,0.0833400432,-0.0000442759,0.2169692070,0.999634
477,1.1651196873,0.1011541781,0.0831674387,-0.0000748481,0.2094453289,0.999512
478,1.1675622863,0.1006411377,0.0840502516,-0.0000200733,0.2116087501,0.999634
479,1.1700048852,0.0994130030,0.0848551681,-0.0000095106,0.2131961341,0.999512
480,1.1724474841,0.1021803307,0.0848674605,-0.0000403212,0.2191030070,0.999390
481,1.1748900830,0.1026730147,0.0853145330,-0.0000519739,0.2084813014,0.999634
482,1.1773326820,0.1025792049,0.0859509717,-0.0000127023,0.2132636204,0.999756
483,1.1797752809,0.1037920984,0.0862711264,-0.0000076010,0.2168064392,0.999878
484,1.1822178798,0.1038559408,0.0872708174,-0.0000861903,0.2148467947,0.999756
485,1.1846604787,0.1056685597,0.0873742332,-0.0000166296,0.2203788189,0.999756
486,1.1871030777,0.1057167165,0.0881498110,-0.0000079827,0.2134703417,0.999878
487,1.1895456766,0.1073016132,0.0887707079,0.0000177227,0.2122723512,1.000000
488,1.1919882755,0.1072913312,0.0893275250,-0.0000414855,0.2188254348,0.999268
489,1.1944308745,0.1085904196,0.0896932328,-0.0000155057,0.2154211169,0.999756
490,1.1968734734,0.1091302264,0.0904508517,-0.0000162973,0.2169325936,0.999756
491,1.1993160723,0.1098566977,0.0910161930,-0.0000264310,0.2225057099,0.999878
492,1.2017586712,0.1097070428,0.0920312206,-0.0000105814,0.2186032892,0.999634
493,1.2042012702,0.1095902515,0.0922871970,-0.0000479198,0.2196882189,0.999756
494,1.2066438691,0.1113855926,0.0927464876,-0.0001047475,0.2209035056,0.999756
495,1.2090864680,0.1134007593,0.0931588667,-0.0000107379,0.2253365813,0.999634
496,1.2115290669,0.1127800458,0.0934734561,-0.0000123307,0.2223758339,0.999756
497,1.2139716659,0.1132828867,0.0938903334,-0.0000002992,0.2248536032,0.999878
498,1.2164142648,0.1137506003,0.0941037593,-0.0000106130,0.2239941063,0.999756
499,1.2188568637,0.1145306323,0.0945124500,-0.0000547084,0.2237969416,0.999634
500,1.2212994626,0.1149454077,0.0949739044,-0.0000335584,0.2258814236,0.999634
501,1.2237420616,0.1158971939,0.0953927647,-0.0000765226,0.2322832921,0.999390
502,1.2261846605,0.1171405444,0.0957994387,-0.0000323988,0.2263842954,0.999512
503,1.2286272594,0.1178260203,0.0963531355,-0.0000640714,0.2290635759,0.999512
504,1.2310698583,0.1191900870,0.0962120730,-0.0000020095,0.2338411382,0.999878
505,1.2335124573,0.1180615773,0.0971825358,-0.0000366605,0.2308105002,0.999878
506,1.2359550562,0.1203128088,0.0972958595,0.0000048473,0.2329520238,1.000000
507,1.2383976551,0.1214091429,0.0976206423,-0.0000758137,0.2356273352,0.999390
508,1.2408402540,0.1230280217,0.0982027795,-0.0000133889,0.2354644574,0.999634
509,1.2432828530,0.1211437172,0.0987270983,-0.0000131418,0.2367552660,0.999512
510,1.2457254519,0.1229169212,0.0989309211,-0.0000164765,0.2350142013,0.999634
511,1.2481680508,0.1239186595,0.0989999257,-0.0000239795,0.2372594906,0.999390
512,1.2506106497,0.1235752124,0.0992616627,-0.0000131483,0.2384383313,0.999512
513,1.2530532487,0.1247419955,0.0989277860,-0.0001059697,0.2400074264,0.999512
514,1.2554958476,0.1252302759,0.0995085943,-0.0000630709,0.2421209060,0.999023
515,1.2579384465,0.1247442947,0.1000593140,-0.0000237652,0.2462013176,0.999512
516,1.2603810454,0.1286366608,0.0991330839,-0.0000202578,0.2400831952,0.999634
517,1.2628236444,0.1287007900,0.1003161312,-0.0000761016,0.2474084152,0.999146
518,1.2652662433,0.1302072608,0.1003637623,-0.0000367245,0.2443351929,0.999268
519,1.2677088422,0.1302700530,0.1012848991,-0.0000567258,0.2471280144,0.999634
520,1.2701514411,0.1281017519,0.1024435190,-0.0000285517,0.2415023708,0.999878
521,1.2725940401,0.1296489420,0.1028881720,-0.0000562049,0.2475821928,0.999756
522,1.2750366390,0.1311224138,0.1032996262,-0.0000120855,0.2464050949,0.999756
523,1.2774792379,0.1307995564,0.1038700251,-0.0000434283,0.2482255839,0.999756
524,1.2799218368,0.1342620052,0.1040261900,-0.0000300016,0.2474735876,0.999390
525,1.2823644358,0.1342219540,0.1047682780,-0.0000484890,0.2517697411,0.999023
526,1.2848070347,0.1340605971,0.1057339384,0.0000023523,0.2482973726,1.000000
527,1.2872496336,0.1338282439,0.1067236604,-0.0000364513,0.2535379327,0.999634
528,1.2896922325,0.1363861313,0.1070148667,-0.0000182955,0.2493778515,0.999756
529,1.2921348315,0.1367572215,0.1074161880,-0.0000031188,0.2505747863,0.999756
530,1.2945774304,0.1380026856,0.1077087835,0.0000049658,0.2523360951,1.000000
531,1.2970200293,0.1400163466,0.1081108446,-0.0000050361,0.2584566480,0.999878
532,1.2994626282,0.1391989864,0.1088023270,0.0000128589,0.2535424836,1.000000
533,1.3019052272,0.1397799743,0.1088753352,-0.0000245961,0.2572556309,0.999878
534,1.3043478261,0.1403359174,0.1093975700,-0.0000359627,0.2549800629,0.999634
535,1.3067904250,0.1443043320,0.1090062739,-0.0000078023,0.2571409142,0.999878
536,1.3092330239,0.1430205295,0.1098944720,-0.0000230545,0.2607398175,0.999634
537,1.3116756229,0.1388611832,0.1113745653,-0.0000126243,0.2563152344,0.999634
538,1.3141182218,0.1450145645,0.1104521923,-0.0000557029,0.2585340774,0.999634
539,1.3165608207,0.1434006720,0.1114775399,-0.0000248304,0.2597095288,0.999390
540,1.3190034196,0.1457924825,0.1114236490,-0.0000237384,0.2593150835,0.999756
541,1.3214460186,0.1475442147,0.1117743506,-0.0000103371,0.2588540640,0.999878
542,1.3238886175,0.1454726383,0.1129731681,-0.0000320726,0.2601799116,0.999390
543,1.3263312164,0.1464307556,0.1132968071,-0.0000150091,0.2644640766,0.999756
544,1.3287738153,0.1481149225,0.1138435217,-0.0000045335,0.2608819577,0.999878
545,1.3312164143,0.1494818648,0.1141911130,0.0000039604,0.2652973314,1.000000
546,1.3336590132,0.1496115589,0.1147133638,-0.0000126247,0.2645856112,0.999756
547,1.3361016121,0.1498568193,0.1157259734,-0.0000149380,0.2629356576,0.999756
548,1.3385442110,0.1494626999,0.1165502635,-0.0000210595,0.2658918896,0.999756
549,1.3409868100,0.1503099038,0.1169912163,-0.0000033115,0.2696792579,0.999878
550,1.3434294089,0.1517808349,0.1173620430,-0.0000212487,0.2707581243,0.999756
551,1.3458720078,0.1525159059,0.1176300215,-0.0000529219,0.2694419144,0.999756
552,1.3483146067,0.1547679395,0.1177323833,-0.0000241626,0.2703497359,0.999878
553,1.3507572057,0.1556355702,0.1180686713,-0.0000150211,0.2689347910,0.999756
554,1.3531998046,0.1534239161,0.1192427992,-0.0000417192,0.2735051484,0.999634
555,1.3556424035,0.1544144379,0.1192364418,0.0000030608,0.2735554189,1.000000
556,1.3580850024,0.1562447828,0.1194824963,-0.0000042214,0.2747969058,0.999878
557,1.3605276014,0.1563484214,0.1197595275,-0.0000196854,0.2749256295,0.999878
558,1.3629702003,0.1581729690,0.1198724540,-0.0000318595,0.2770549580,0.999634
559,1.3654127992,0.1565994889,0.1209327916,-0.0000346652,0.2786855703,0.999390
560,1.3678553981,0.1583417852,0.1208988007,-0.0000146710,0.2766770028,0.999634
561,1.3702979971,0.1602550449,0.1212074986,-0.0000500481,0.2796060347,0.999512
562,1.3727405960,0.1610313632,0.1213025801,-0.0000132579,0.2771637671,0.999756
563,1.3751831949,0.1615423184,0.1221305583,-0.0000275244,0.2785787205,0.999878
564,1.3776257938,0.1624626301,0.1226942585,-0.0000152762,0.2805423512,0.999512
565,1.3800683928,0.1606755268,0.1236241644,0.0000010652,0.2807280268,1.000000
566,1.3825109917,0.1619830613,0.1240115426,-0.0000226601,0.2830501460,0.999390
567,1.3849535906,0.1642599987,0.1241867410,-0.0000030412,0.2860795609,0.999756
568,1.3873961895,0.1648211634,0.1242038618,-0.0000264309,0.2831801853,0.999634
569,1.3898387885,0.1666666848,0.1238818827,-0.0000061944,0.2884975678,0.999878
570,1.3922813874,0.1649683803,0.1247903213,-0.0000123655,0.2894504899,0.999634
571,1.3947239863,0.1682001499,0.1243690046,-0.0000128406,0.2866239392,0.999634
572,1.3971665852,0.1675537383,0.1250383249,0.0000008435,0.2876803629,1.000000
573,1.3996091842,0.1669911715,0.1256204545,-0.0000173127,0.2887915528,0.999268
574,1.4020517831,0.1667459113,0.1262544553,-0.0000447662,0.2873002997,0.999634
575,1.4044943820,0.1684734998,0.1263447206,-0.0000204567,0.2912382601,0.999756
576,1.4069369809,0.1714202482,0.1260575098,-0.0000104126,0.2916716531,0.999756
577,1.4093795799,0.1711894904,0.1267086429,-0.0000175311,0.2922959972,0.999756
578,1.4118221788,0.1676595386,0.1282980308,-0.0000290895,0.2962401071,0.999878
579,1.4142647777,0.1717660515,0.1275859781,-0.0000337258,0.2946441537,0.999878
580,1.4167073766,0.1713980560,0.1283507816,-0.0000140365,0.2982529923,0.999512
581,1.4191499756,0.1731345098,0.1282361903,-0.0000232962,0.2929002428,0.999756
582,1.4215925745,0.1748998586,0.1283864812,0.0000018347,0.2952520016,1.000000
583,1.4240351734,0.1739122613,0.1290511584,-0.0000007581,0.2974427437,0.999878
584,1.4264777723,0.1767694728,0.1285569252,-0.0000269394,0.2979030847,0.999634
585,1.4289203713,0.1750971386,0.1295993951,-0.0000436936,0.3002991475,0.999512
586,1.4313629702,0.1749835840,0.1302166458,-0.0000447501,0.3016416006,0.999756
587,1.4338055691,0.1768572997,0.1300443400,-0.0000540435,0.3027474297,0.999878
588,1.4362481681,0.1799709641,0.1294300697,0.0000027521,0.3054668777,1.000000
589,1.4386907670,0.1812614004,0.1294870935,0.0000082977,0.3037186242,1.000000
590,1.4411333659,0.1807256476,0.1301569204,-0.0000023825,0.3050114985,0.999878
591,1.4435759648,0.1798636978,0.1307538421,-0.0000421457,0.3042549230,0.999756
592,1.4460185638,0.1808438436,0.1310345831,-0.0000381036,0.3053699437,0.999634
593,1.4484611627,0.1798575010,0.1314624807,-0.0000079508,0.3058957383,0.999634
594,1.4509037616,0.1828873539,0.1309561122,-0.0000376597,0.3068289815,0.999756
595,1.4533463605,0.1813817693,0.1319675186,0.0000057590,0.3087238961,1.000000
596,1.4557889595,0.1861135069,0.1310299366,-0.0000146247,0.3123921808,0.999634
597,1.4582315584,0.1819583792,0.1328108607,-0.0000055594,0.3096463105,0.999878
598,1.4606741573,0.1853339751,0.1322824251,-0.0000272587,0.3097162240,0.999756
599,1.4631167562,0.1845058787,0.1329482152,-0.0000066977,0.3131870453,0.999756
600,1.4655593552,0.1855744368,0.1330157503,-0.0000376246,0.3118371548,0.999756
601,1.4680019541,0.1870849432,0.1329037117,-0.0000246516,0.3128542560,0.999634
602,1.4704445530,0.1864610602,0.1333548353,-0.0000345663,0.3124526943,0.999756
603,1.4728871519,0.1879791227,0.1324544168,0.0000040481,0.3175588109,1.000000
604,1.4753297509,0.1894479623,0.1327395445,-0.0000097894,0.3159623193,0.999756
605,1.4777723498,0.1904278273,0.1329079080,-0.0000081742,0.3167982800,0.999878
606,1.4802149487,0.1910101452,0.1331561418,-0.0000227536,0.3190047453,0.999756
607,1.4826575476,0.1909177010,0.1333988159,-0.0000063625,0.3187938738,0.999878
608,1.4851001466,0.1920171103,0.1324346719,-0.0000031793,0.3162018413,0.999634
609,1.4875427455,0.1945880543,0.1312540632,-0.0000138825,0.3189794546,0.999756
610,1.4899853444,0.1934637803,0.1318381727,-0.0001216891,0.3197437038,0.999756
611,1.4924279433,0.1970001373,0.1310239384,-0.0000862764,0.3207340358,0.999756
612,1.4948705423,0.1959891082,0.1306779330,-0.0000145408,0.3267921181,0.999634
613,1.4973131412,0.1963755302,0.1307919941,-0.0000072010,0.3254807593,0.999878
614,1.4997557401,0.1940802862,0.1321227271,-0.0000205586,0.3259285809,0.999268
615,1.5021983390,0.1992563613,0.1301475528,-0.0000101878,0.3239508688,0.999878
616,1.5046409380,0.1959669580,0.1317733829,-0.0000525490,0.3272422138,0.999756
617,1.5070835369,0.1999748723,0.1300857821,-0.0000001633,0.3245306993,0.999878
618,1.5095261358,0.2018576766,0.1301313290,-0.0000250632,0.3287664158,0.999756
619,1.5119687347,0.2002220759,0.1307174256,-0.0000171246,0.3275084598,0.999634
620,1.5144113337,0.2009267803,0.1305101708,-0.0000487495,0.3307704888,0.999634
621,1.5168539326,0.2039194606,0.1291964457,0.0000093865,0.3294958046,1.000000
622,1.5192965315,0.2079220437,0.1273621445,-0.0000494668,0.3319468001,0.999878
623,1.5217391304,0.2047420611,0.1292076283,-0.0000368765,0.3326035245,0.999878
624,1.5241817294,0.2053285836,0.1288354120,-0.0000165001,0.3344714375,0.999756
625,1.5266243283,0.2044864127,0.1291770884,0.0000066512,0.3319637602,1.000000
626,1.5290669272,0.2044315603,0.1292715743,-0.0000179996,0.3329228112,0.999878
627,1.5315095261,0.2069177819,0.1289905038,-0.0000447938,0.3340901565,0.999756
628,1.5339521251,0.2086654314,0.1286474718,0.0000083937,0.3361326570,1.000000
629,1.5363947240,0.2082880888,0.1296200995,0.0000193654,0.3390471085,1.000000
630,1.5388373229,0.2085540750,0.1294733032,-0.0000312446,0.3376875224,0.999878
631,1.5412799218,0.2113919219,0.1292302419,0.0000027420,0.3386547213,1.000000
632,1.5437225208,0.2122032568,0.1292036140,0.0000019115,0.3401376493,1.000000
633,1.5461651197,0.2118931552,0.1298996358,-0.0000165661,0.3390356815,0.999878
634,1.5486077186,0.2114877151,0.1303647413,0.0000113523,0.3391718379,1.000000
635,1.5510503175,0.2121909501,0.1302644136,-0.0000251997,0.3411289397,0.999756
636,1.5534929165,0.2177105939,0.1289547345,-0.0000180531,0.3380028816,0.999512
637,1.5559355154,0.2171932696,0.1301683129,-0.0000478837,0.3424423743,0.999756
638,1.5583781143,0.2165797369,0.1312557366,-0.0000651163,0.3416911512,0.999634
639,1.5608207132,0.2191448082,0.1305819346,-0.0000213913,0.3447425327,0.999756
640,1.5632633122,0.2180362866,0.1321193536,-0.0000064110,0.3422851707,0.999878
641,1.5657059111,0.2191027585,0.1326669147,-0.0000348965,0.3442298020,0.999756
642,1.5681485100,0.2171268146,0.1343500956,-0.0000139328,0.3451825605,0.999878
643,1.5705911089,0.2216269043,0.1334967200,0.0000003200,0.3454275189,1.000000
644,1.5730337079,0.2193078168,0.1352800241,0.0000013510,0.3502786572,1.000000
645,1.5754763068,0.2220790891,0.1345608764,-0.0000245774,0.3440181524,0.999390
646,1.5779189057,0.2252544257,0.1337344014,-0.0000115277,0.3470428336,0.999512
647,1.5803615046,0.2253055140,0.1346948058,-0.0000167854,0.3488132246,0.999878
648,1.5828041036,0.2266610748,0.1347572169,-0.0000073694,0.3480383800,0.999878
649,1.5852467025,0.2266111515,0.1359181651,-0.0000848366,0.3468726571,0.999878
650,1.5876893014,0.2285709566,0.1361821823,-0.0000226205,0.3480854721,0.999512
651,1.5901319003,0.2275346464,0.1375546131,-0.0000698505,0.3481130713,0.999756
652,1.5925744993,0.2309654348,0.1366304383,-0.0000300468,0.3491180226,0.999756
653,1.5950170982,0.2299479571,0.1383304285,-0.0000293505,0.3490981704,0.999634
654,1.5974596971,0.2295390471,0.1390590430,0.0000039955,0.3482402929,1.000000
655,1.5999022960,0.2337729687,0.1377056403,-0.0000211312,0.3491230754,0.999512
656,1.6023448950,0.2307885115,0.1399187590,-0.0000328083,0.3521586018,0.999512
657,1.6047874939,0.2349800190,0.1390357324,-0.0000412218,0.3539839497,0.999756
658,1.6072300928,0.2292798048,0.1425065987,-0.0000424606,0.3538525177,0.999878
659,1.6096726917,0.2345880569,0.1406396932,-0.0000043159,0.3546850130,0.999756
660,1.6121152907,0.2333197731,0.1419954933,-0.0000114220,0.3574531670,0.999878
661,1.6145578896,0.2340620214,0.1427558317,-0.0000424907,0.3541594534,0.999268
662,1.6170004885,0.2371348634,0.1424272210,-0.0000448555,0.3591114475,0.999512
663,1.6194430874,0.2376201339,0.1429413676,-0.0000416524,0.3596515652,0.999878
664,1.6218856864,0.2383851611,0.1429246820,0.0000089778,0.3586522627,1.000000
665,1.6243282853,0.2375739569,0.1449738164,-0.0000312247,0.3574678418,0.999756
666,1.6267708842,0.2396527743,0.1449828478,-0.0000112097,0.3611002389,0.999878
667,1.6292134831,0.2395107251,0.1461471631,-0.0000143470,0.3623192084,0.999878
668,1.6316560821,0.2405666051,0.1469626155,-0.0000282829,0.3617637741,0.999756
669,1.6340986810,0.2397274643,0.1482100162,-0.0000262276,0.3677450008,0.999756
670,1.6365412799,0.2419662615,0.1476960242,-0.0000310385,0.3691929737,0.999878
671,1.6389838788,0.2419364567,0.1483686181,-0.0000436167,0.3668674327,0.999756
672,1.6414264778,0.2461491670,0.1470512909,-0.0000118049,0.3716712657,0.999756
673,1.6438690767,0.2462830530,0.1478582814,-0.0000097587,0.3666336357,0.999634
674,1.6463116756,0.2453092296,0.1488160775,0.0000092709,0.3670953502,1.000000
675,1.6487542745,0.2465861073,0.1489239735,-0.0000028960,0.3665606256,0.999878
676,1.6511968735,0.2495042411,0.1474766966,-0.0000047183,0.3691661947,0.999878
677,1.6536394724,0.2471036333,0.1488990145,-0.0000105388,0.3689044016,0.999878
678,1.6560820713,0.2486055610,0.1487536941,-0.0000052781,0.3720912679,0.999756
679,1.6585246702,0.2472867109,0.1505550124,-0.0000256650,0.3694327816,0.999878
680,1.6609672692,0.2509281951,0.1498507657,-0.0000155996,0.3732525294,0.999878
681,1.6634098681,0.2495886241,0.1514472753,-0.0000171594,0.3699421853,0.999878
682,1.6658524670,0.2495906996,0.1528636804,-0.0000092972,0.3733500993,0.999756
683,1.6682950660,0.2555166875,0.1506752973,-0.0000261014,0.3708258330,0.999634
684,1.6707376649,0.2503087121,0.1544735222,-0.0000284442,0.3732436943,0.999634
685,1.6731802638,0.2561496382,0.1527353141,-0.0000243840,0.3818440569,0.999756
686,1.6756228627,0.2552059969,0.1539070639,-0.0000069514,0.3762666802,0.999878
687,1.6780654617,0.2534451440,0.1558256916,-0.0000512520,0.3761842344,0.999390
688,1.6805080606,0.2571007394,0.1547113649,-0.0000145872,0.3789693823,0.999878
689,1.6829506595,0.2549349197,0.1569473113,0.0000001920,0.3786790524,1.000000
690,1.6853932584,0.2568810421,0.1567431276,0.0000005915,0.3832296901,1.000000
691,1.6878358574,0.2584896599,0.1566229575,0.0000053385,0.3787544669,1.000000
692,1.6902784563,0.2574423301,0.1577262477,-0.0000090134,0.3828896975,0.999878
693,1.6927210552,0.2588932378,0.1578206939,-0.0000007006,0.3797121773,0.999878
694,1.6951636541,0.2596778061,0.1583674375,-0.0001039272,0.3832920807,0.999634
695,1.6976062531,0.2590251138,0.1594644872,-0.0000120700,0.3865412783,0.999878
696,1.7000488520,0.2561533632,0.1612303960,0.0000067228,0.3863770805,1.000000
697,1.7024914509,0.2615178687,0.1592592456,0.0000020238,0.3861589497,1.000000
698,1.7049340498,0.2611926235,0.1599949748,-0.0000115027,0.3855070619,0.999878
699,1.7073766488,0.2655297189,0.1583852680,-0.0000599031,0.3879325381,0.999390
700,1.7098192477,0.2642187703,0.1589260318,-0.0000136470,0.3860096370,0.999756
701,1.7122618466,0.2631587930,0.1600486760,-0.0000337475,0.3927523343,0.999756
702,1.7147044455,0.2668983938,0.1586072826,0.0000029198,0.3878036572,1.000000
703,1.7171470445,0.2657669459,0.1603523879,-0.0000498631,0.3902787706,0.999756
704,1.7195896434,0.2692479021,0.1594707856,-0.0000131722,0.3903619921,0.999756
705,1.7220322423,0.2653362609,0.1627686160,-0.0000015360,0.3948112170,0.999756
706,1.7244748412,0.2672687240,0.1625910373,-0.0000225479,0.3945472807,0.999878
707,1.7269174402,0.2708816830,0.1615023354,-0.0000524757,0.3921115812,0.999878
708,1.7293600391,0.2708004200,0.1625937270,0.0000136563,0.3918592923,1.000000
709,1.7318026380,0.2682151084,0.1650641872,0.0000125876,0.3973152393,1.000000
710,1.7342452369,0.2704401065,0.1649216311,0.0000096242,0.3985410684,1.000000
711,1.7366878359,0.2737454433,0.1640673003,-0.0000036154,0.3954832027,0.999878
712,1.7391304348,0.2718293588,0.1659373736,-0.0000079481,0.3998675096,0.999634
713,1.7415730337,0.2719044608,0.1667357082,-0.0000061880,0.4001299405,0.999878
714,1.7440156326,0.2738320891,0.1667223787,-0.0000275845,0.4005211632,0.999634
715,1.7464582316,0.2745773889,0.1667647448,0.0000144677,0.4051875947,1.000000
716,1.7489008305,0.2715394129,0.1692355911,-0.0000076268,0.4007039264,0.999878
717,1.7513434294,0.2749957142,0.1684989577,-0.0000136699,0.4034588431,0.999878
718,1.7537860283,0.2722809787,0.1702569822,-0.0000041811,0.4055711764,0.999756
719,1.7562286273,0.2726761814,0.1708221227,-0.0000044926,0.4037725986,0.999878
720,1.7586712262,0.2757390901,0.1697731344,-0.0000487892,0.4055003500,0.999756
721,1.7611138251,0.2763693994,0.1703000084,-0.0000123514,0.4060082023,0.999756
722,1.7635564240,0.2767141048,0.1710020671,-0.0000207062,0.4068945446,0.999634
723,1.7659990230,0.2801196885,0.1698552560,-0.0000380011,0.4061557386,0.999878
724,1.7684416219,0.2773232073,0.1719885864,-0.0000127755,0.4055890162,0.999634
725,1.7708842208,0.2814553274,0.1704693579,-0.0000141856,0.4089512045,0.999878
726,1.7733268197,0.2790684081,0.1725277047,-0.0000544390,0.4096787081,0.999634
727,1.7757694187,0.2780622340,0.1734971385,-0.0000338584,0.4120563317,0.999878
728,1.7782120176,0.2822574831,0.1722519389,0.0000181952,0.4121112633,1.000000
729,1.7806546165,0.2799658040,0.1738671486,-0.0000079805,0.4116088536,0.999878
730,1.7830972154,0.2821719818,0.1731791865,-0.0000128658,0.4140376298,0.999634
731,1.7855398144,0.2853329926,0.1713610912,-0.0000085471,0.4161672566,0.999756
732,1.7879824133,0.2807499066,0.1734680889,-0.0000035088,0.4161019667,0.999878
733,1.7904250122,0.2820454360,0.1724896969,-0.0000818163,0.4194696780,0.999878
734,1.7928676111,0.2865604544,0.1706830421,0.0000241472,0.4161635890,1.000000
735,1.7953102101,0.2815598362,0.1737369085,-0.0000056104,0.4189563157,0.999878
736,1.7977528090,0.2848751393,0.1729152962,0.0000055455,0.4181242090,1.000000
737,1.8001954079,0.2848691357,0.1736858939,0.0000182262,0.4181940453,1.000000
738,1.8026380068,0.2894521658,0.1718371466,0.0000182694,0.4156571795,1.000000
739,1.8050806058,0.2877322547,0.1736600856,-0.0000189244,0.4193271531,0.999878
740,1.8075232047,0.2861282911,0.1751913676,0.0000044479,0.4189088137,1.000000
741,1.8099658036,0.2887393581,0.1745522023,-0.0000077230,0.4186552334,0.999878
742,1.8124084025,0.2872994887,0.1762761267,0.0000131188,0.4223312509,1.000000
743,1.8148510015,0.2908210281,0.1754544306,0.0000077087,0.4236222716,1.000000
744,1.8172936004,0.2941558490,0.1748256218,0.0000078429,0.4223769139,1.000000
745,1.8197361993,0.2898845424,0.1777595354,-0.0000862328,0.4221660421,0.999756
746,1.8221787982,0.2911901254,0.1780872294,-0.0000309297,0.4239252520,0.999756
747,1.8246213972,0.2916994391,0.1786625885,-0.0000392965,0.4254796192,0.999878
748,1.8270639961,0.2912794453,0.1794926925,-0.0000270043,0.4293066419,0.999878
749,1.8295065950,0.2916540739,0.1803345962,-0.0000138509,0.4267032799,0.999878
750,1.8319491939,0.2897898429,0.1817349659,-0.0000055458,0.4279785444,0.999634
751,1.8343917929,0.2927252175,0.1812508341,-0.0000113683,0.4258285574,0.999756
752,1.8368343918,0.2923934481,0.1824590429,-0.0000106091,0.4279820408,0.999878
753,1.8392769907,0.2973642657,0.1804685740,0.0000029003,0.4313056440,1.000000
754,1.8417195896,0.2936752732,0.1828046322,0.0000083157,0.4302405317,1.000000
755,1.8441621886,0.2926656986,0.1837913676,-0.0000048026,0.4329258831,0.999756
756,1.8466047875,0.2971719140,0.1824771235,-0.0000445737,0.4319648839,0.999756
757,1.8490473864,0.2974589436,0.1829585381,-0.0000069002,0.4363537049,0.999878
758,1.8514899853,0.2983796614,0.1825965414,-0.0000192952,0.4332945721,0.999634
759,1.8539325843,0.2978144717,0.1832603651,-0.0000010553,0.4371191925,0.999878
760,1.8563751832,0.2989308894,0.1830137686,-0.0000269467,0.4349691127,0.999878
761,1.8588177821,0.3007254570,0.1826701714,0.0000130919,0.4368841270,1.000000
762,1.8612603810,0.3013459022,0.1825798799,0.0000024853,0.4376369389,1.000000
763,1.8637029800,0.2977254479,0.1852893415,-0.0000137201,0.4368955280,0.999878
764,1.8661455789,0.3039530767,0.1823880766,-0.0000312764,0.4381749433,0.999878
765,1.8685881778,0.2984079229,0.1854919484,-0.0000256705,0.4412599561,0.999634
766,1.8710307767,0.3031264318,0.1834705622,-0.0000178482,0.4433252348,0.999756
767,1.8734733757,0.3054867464,0.1825792467,-0.0000386059,0.4418325630,0.999512
768,1.8759159746,0.2979068874,0.1866445343,0.0000248480,0.4417334355,1.000000
769,1.8783585735,0.3024843746,0.1851981544,-0.0000297409,0.4444952761,0.999878
770,1.8808011724,0.3047690794,0.1839196812,-0.0000041863,0.4446274853,0.999878
771,1.8832437714,0.3058474074,0.1837916009,0.0000187106,0.4446912066,1.000000
772,1.8856863703,0.3044770959,0.1846802875,0.0000055821,0.4449415358,1.000000
773,1.8881289692,0.3099672828,0.1817099641,0.0000010858,0.4451088471,1.000000
774,1.8905715681,0.3080946449,0.1830011982,-0.0000286422,0.4468239568,0.999878
775,1.8930141671,0.3074607138,0.1829646518,-0.0000143016,0.4499372719,0.999756
776,1.8954567660,0.3026315941,0.1860548366,0.0000014127,0.4483509138,1.000000
777,1.8978993649,0.3103697525,0.1825048663,-0.0000281085,0.4506839659,0.999878
778,1.9003419638,0.3086263470,0.1842140902,0.0000295125,0.4487769747,1.000000
779,1.9027845628,0.3114965094,0.1835412039,-0.0000119882,0.4519906666,0.999878
780,1.9052271617,0.3109785628,0.1844120810,0.0000039617,0.4504281605,1.000000
781,1.9076697606,0.3143112785,0.1835949674,-0.0000330612,0.4535311030,0.999756
782,1.9101123596,0.3111038863,0.1860933704,0.0000079726,0.4560625605,1.000000
783,1.9125549585,0.3117611250,0.1860542074,0.0000079895,0.4541361300,1.000000
784,1.9149975574,0.3120861344,0.1869032510,-0.0000271925,0.4533761215,0.999878
785,1.9174401563,0.3145361039,0.1863778808,0.0000388111,0.4543966035,1.000000
786,1.9198827553,0.3156697677,0.1861202742,-0.0000311654,0.4545642628,0.999634
787,1.9223253542,0.3120640947,0.1884095336,0.0000100010,0.4574256051,1.000000
788,1.9247679531,0.3158555694,0.1872568589,-0.0000315636,0.4547182135,0.999878
789,1.9272105520,0.3174311296,0.1872163336,0.0000095102,0.4598822617,1.000000
790,1.9296531510,0.3166179114,0.1885786335,-0.0000222923,0.4576535602,0.999878
791,1.9320957499,0.3184080574,0.1883384287,0.0000025174,0.4588729158,1.000000
792,1.9345383488,0.3180019449,0.1891601290,0.0000153933,0.4603754325,1.000000
793,1.9369809477,0.3190036763,0.1891653947,-0.0000131250,0.4632634460,0.999878
794,1.9394235467,0.3167414632,0.1903807711,0.0000123569,0.4595856834,1.000000
795,1.9418661456,0.3210533678,0.1891115032,-0.0000047861,0.4612681539,0.999878
796,1.9443087445,0.3157575313,0.1919057642,-0.0000035521,0.4620463477,0.999878
797,1.9467513434,0.3200374580,0.1901721913,-0.0000095114,0.4639430393,0.999878
798,1.9491939424,0.3197116761,0.1909583205,-0.0000002475,0.4619023577,0.999878
799,1.9516365413,0.3222257136,0.1901950993,-0.0000060860,0.4640088181,0.999756
800,1.9540791402,0.3212923194,0.1909890008,-0.0000483668,0.4644158106,0.999878
801,1.9565217391,0.3242801011,0.1902252984,-0.0000071385,0.4634795237,0.999878
802,1.9589643381,0.3234479355,0.1908602593,-0.0000154010,0.4667957733,0.999878
803,1.9614069370,0.3232028343,0.1914547260,0.0000087328,0.4645719991,1.000000
804,1.9638495359,0.3256006053,0.1908078582,-0.0000460346,0.4711873239,0.999878
805,1.9662921348,0.3265391568,0.1906075698,-0.0000280238,0.4695423195,0.999756
806,1.9687347338,0.3266980017,0.1910294334,0.0000042146,0.4680756441,1.000000
807,1.9711773327,0.3238436486,0.1927143128,-0.0000070323,0.4707856165,0.999756
808,1.9736199316,0.3277510332,0.1906728772,0.0000122559,0.4687659507,1.000000
809,1.9760625305,0.3242829772,0.1925343068,-0.0000137463,0.4704655573,0.999878
810,1.9785051295,0.3297902823,0.1894947619,-0.0000019083,0.4729045383,0.999878
811,1.9809477284,0.3279498105,0.1903145054,0.0000120819,0.4711760346,1.000000
812,1.9833903273,0.3238507420,0.1926853768,0.0000231895,0.4736029877,1.000000
813,1.9858329262,0.3327514155,0.1873491527,0.0000227570,0.4737184532,1.000000
814,1.9882755252,0.3301580185,0.1891981480,0.0000067530,0.4733746439,1.000000
815,1.9907181241,0.3307291229,0.1891669504,0.0000120085,0.4737525154,1.000000
816,1.9931607230,0.3348536091,0.1874249989,-0.0000015884,0.4750500625,0.999878
817,1.9956033219,0.3321559088,0.1891941546,-0.0000027104,0.4730294163,0.999878
818,1.9980459209,0.3304501006,0.1906342596,-0.0000043232,0.4783190992,0.999756
819,2.0004885198,0.3321701660,0.1897767088,0.0000037247,0.4785084398,1.000000
820,2.0029311187,0.3326615479,0.1898395716,-0.0000388822,0.4761616810,0.999634
821,2.0053737176,0.3312280474,0.1913628605,0.0000016537,0.4791281613,1.000000
822,2.0078163166,0.3305371263,0.1909660054,-0.0000380913,0.4770698089,0.999634
823,2.0102589155,0.3365524267,0.1882818453,0.0000118403,0.4796121789,1.000000
824,2.0127015144,0.3386621754,0.1872964052,-0.0000335189,0.4799574681,0.999878
825,2.0151441133,0.3375579890,0.1887450651,-0.0000239510,0.4818609506,0.999634
826,2.0175867123,0.3369866899,0.1894417223,0.0000149863,0.4779022022,1.000000
827,2.0200293112,0.3379228107,0.1888912924,-0.0000349747,0.4802456339,0.999878
828,2.0224719101,0.3399785196,0.1891688350,0.0000098177,0.4839657705,1.000000
829,2.0249145090,0.3361434555,0.1916181369,-0.0000043612,0.4815850488,0.999756
830,2.0273571080,0.3392070657,0.1904671052,-0.0000092662,0.4849678464,0.999756
831,2.0297997069,0.3390154612,0.1912853911,-0.0000235546,0.4843834209,0.999878
832,2.0322423058,0.3376587403,0.1928251461,-0.0000176299,0.4858715529,0.999878
833,2.0346849047,0.3433830378,0.1898382045,0.0000252650,0.4865700487,1.000000
834,2.0371275037,0.3410227028,0.1921932839,-0.0000463605,0.4857195657,0.999756
835,2.0395701026,0.3392228592,0.1942532018,-0.0000144416,0.4834210758,0.999878
836,2.0420127015,0.3430215954,0.1925581493,-0.0000296171,0.4847753399,0.999756
837,2.0444553004,0.3444996416,0.1922825671,-0.0000080683,0.4876839794,0.999878
838,2.0468978994,0.3427624805,0.1936377726,-0.0000298845,0.4864745496,0.999878
839,2.0493404983,0.3458655221,0.1923142631,-0.0000040061,0.4869344308,0.999878
840,2.0517830972,0.3419706960,0.1955178121,0.0000172703,0.4896272788,1.000000
841,2.0542256961,0.3449517482,0.1939336212,-0.0000123190,0.4911190741,0.999878
842,2.0566682951,0.3449954298,0.1947006547,0.0000135848,0.4909684014,1.000000
843,2.0591108940,0.3438140089,0.1956881839,0.0000152154,0.4947426184,1.000000
844,2.0615534929,0.3482683966,0.1932253323,-0.0000111934,0.4877887802,0.999878
845,2.0639960918,0.3477808782,0.1940527822,-0.0000334573,0.4927957621,0.999634
846,2.0664386908,0.3502880391,0.1933824815,-0.0000424345,0.4945490468,0.999756
847,2.0688812897,0.3467381391,0.1961492326,-0.0000200321,0.4904684450,0.999878
848,2.0713238886,0.3483169273,0.1961118787,-0.0001056817,0.4941738341,0.999756
849,2.0737664875,0.3473487496,0.1972782923,-0.0000034475,0.4944053567,0.999634
850,2.0762090865,0.3471961559,0.1981967713,-0.0000446804,0.4937472645,0.999756
851,2.0786516854,0.3504721201,0.1966783910,-0.0000266347,0.4984104229,0.999878
852,2.0810942843,0.3509445882,0.1967916457,-0.0000087242,0.4970633625,0.999878
853,2.0835368832,0.3574545917,0.1933654078,-0.0000048787,0.4970745791,0.999878
854,2.0859794822,0.3512208284,0.1973665114,0.0000018837,0.4991751929,1.000000
855,2.0884220811,0.3519269770,0.1972616936,0.0000229438,0.4963877919,1.000000
856,2.0908646800,0.3506536594,0.1980222655,0.0000060269,0.4991821467,1.000000
857,2.0933072789,0.3568562405,0.1946444393,-0.0000222331,0.4964602615,0.999878
858,2.0957498779,0.3563467139,0.1947350338,0.0000032023,0.4996673134,1.000000
859,2.0981924768,0.3552136757,0.1960553739,-0.0000380635,0.4989764717,0.999878
860,2.1006350757,0.3572086086,0.1955037886,0.0000292743,0.4996555202,1.000000
861,2.1030776746,0.3560437950,0.1966053721,-0.0000281952,0.5039637500,0.999878
862,2.1055202736,0.3562737755,0.1972695189,-0.0000210980,0.5014161154,0.999756
863,2.1079628725,0.3606208906,0.1953285541,0.0000196528,0.5031639530,1.000000
864,2.1104054714,0.3605956417,0.1958752218,-0.0000023161,0.5024760622,0.999878
865,2.1128480703,0.3566448740,0.1993721091,-0.0000137894,0.5032469850,0.999634
866,2.1152906693,0.3614002890,0.1966767687,-0.0000220880,0.5041484559,0.999878
867,2.1177332682,0.3591930216,0.1986308047,0.0000010573,0.5027338697,1.000000
868,2.1201758671,0.3612568864,0.1977823794,-0.0000021477,0.5055965680,0.999878
869,2.1226184660,0.3614166202,0.1983440271,-0.0000182578,0.5048462770,0.999878
870,2.1250610650,0.3694400232,0.1938618304,-0.0000197146,0.5070654757,0.999756
871,2.1275036639,0.3648414889,0.1976224061,0.0000105434,0.5086590784,1.000000
872,2.1299462628,0.3639257788,0.1984970233,-0.0000137473,0.5081147806,0.999756
873,2.1323888617,0.3621351894,0.1995871859,-0.0000392648,0.5085514313,0.999878
874,2.1348314607,0.3649035448,0.1980508547,0.0000374457,0.5093640455,1.000000
875,2.1372740596,0.3700083190,0.1951975014,0.0000033773,0.5081875487,1.000000
876,2.1397166585,0.3636288214,0.2001122273,-0.0000151949,0.5090901107,0.999634
877,2.1421592574,0.3685110444,0.1979683744,0.0000053537,0.5104587420,1.000000
878,2.1446018564,0.3708379481,0.1972210167,-0.0000227975,0.5150498205,0.999878
879,2.1470444553,0.3705592385,0.1979187405,-0.0000369581,0.5145655279,0.999756
880,2.1494870542,0.3685237906,0.1995833657,-0.0000326096,0.5121104065,0.999878
881,2.1519296532,0.3743590304,0.1967126536,-0.0000789922,0.5142180907,0.999756
882,2.1543722521,0.3669449704,0.2021986207,-0.0000170908,0.5147977454,0.999878
883,2.1568148510,0.3764931498,0.1965221049,-0.0000563923,0.5137548124,0.999756
884,2.1592574499,0.3705433747,0.2012572935,-0.0000348992,0.5150542422,0.999878
885,2.1617000489,0.3759390350,0.1978554265,-0.0000069757,0.5140840178,0.999878
886,2.1641426478,0.3758920223,0.1982075437,0.0000101838,0.5147787456,1.000000
887,2.1665852467,0.3781827375,0.1969137602,-0.0000018143,0.5156936129,0.999878
888,2.1690278456,0.3744334608,0.2001339281,-0.0000125189,0.5135263689,0.999756
889,2.1714704446,0.3738415890,0.2007397481,-0.0000002572,0.5190177266,0.999878
890,2.1739130435,0.3798272544,0.1977166477,-0.0000223697,0.5168105183,0.999512
891,2.1763556424,0.3800550783,0.1976503786,0.0000167664,0.5217446610,1.000000
892,2.1787982413,0.3757841966,0.2007451594,0.0000085900,0.5212175794,1.000000
893,2.1812408403,0.3755432819,0.2013288593,0.0000077634,0.5224057387,1.000000
894,2.1836834392,0.3798773267,0.1987554941,-0.0000072098,0.5198431219,0.999878
895,2.1861260381,0.3823019321,0.1972050856,-0.0000107031,0.5227491988,0.999634
896,2.1885686370,0.3797378497,0.1996727645,0.0000007724,0.5226118167,1.000000
897,2.1910112360,0.3812978195,0.1985545947,-0.0000385995,0.5210536121,0.999878
898,2.1934538349,0.3828159552,0.1973637412,-0.0000097498,0.5240505850,0.999878
899,2.1958964338,0.3821008740,0.1985028262,0.0000087667,0.5275583963,1.000000
900,2.1983390327,0.3831017918,0.1997746237,-0.0000336653,0.5280808952,0.999878
901,2.2007816317,0.3846734428,0.1987493593,0.0000005432,0.5261493108,1.000000
902,2.2032242306,0.3855233275,0.1987487991,0.0000246652,0.5242516158,1.000000
903,2.2056668295,0.3862099594,0.1990998740,-0.0000156763,0.5303678559,0.999756
904,2.2081094284,0.3860203095,0.2002540659,-0.0000480270,0.5263556670,0.999634
905,2.2105520274,0.3880585747,0.1993706629,-0.0000514021,0.5294462420,0.999634
906,2.2129946263,0.3907751741,0.1987307336,0.0000107321,0.5283002628,1.000000
907,2.2154372252,0.3839501611,0.2046978628,0.0000192840,0.5282789259,1.000000
908,2.2178798241,0.3885405572,0.2022744428,-0.0000380338,0.5285117595,0.999634
909,2.2203224231,0.3920244033,0.2007725264,-0.0000636364,0.5333622923,0.999756
910,2.2227650220,0.3862493954,0.2047281062,-0.0000148231,0.5346930512,0.999878
911,2.2252076209,0.3915544933,0.2020078612,-0.0000257522,0.5318961313,0.999878
912,2.2276502198,0.3924493847,0.2020368001,-0.0000097039,0.5337059945,0.999756
913,2.2300928188,0.3905632781,0.2035731841,-0.0000464046,0.5333140528,0.999756
914,2.2325354177,0.3881088015,0.2059155986,-0.0000420180,0.5365273795,0.999634
915,2.2349780166,0.3950416070,0.2016408816,-0.0000356163,0.5328738208,0.999634
916,2.2374206155,0.3958110490,0.2017210423,-0.0000272158,0.5327345103,0.999756
917,2.2398632145,0.3945663821,0.2030877766,-0.0000012926,0.5348686665,0.999878
918,2.2423058134,0.3958459826,0.2020660781,-0.0000334068,0.5377871997,0.999634
919,2.2447484123,0.3952048078,0.2023621215,-0.0000181851,0.5417451707,0.999878
920,2.2471910112,0.3962585755,0.2006825775,-0.0000277866,0.5378825017,0.999878
921,2.2496336102,0.4006141734,0.1983142270,-0.0000174656,0.5387011913,0.999756
922,2.2520762091,0.3969769668,0.2007711299,-0.0000357775,0.5383621652,0.999634
923,2.2545188080,0.3961612258,0.2011698546,-0.0000176408,0.5377671046,0.999756
924,2.2569614069,0.4001192550,0.1986873798,-0.0000504396,0.5406102382,0.999756
925,2.2594040059,0.4039218723,0.1962577708,0.0000016761,0.5394390713,1.000000
926,2.2618466048,0.3987345510,0.2003837984,-0.0000086503,0.5429569699,0.999756
927,2.2642892037,0.4003949724,0.1995813374,-0.0000003930,0.5404404264,0.999878
928,2.2667318026,0.4034668876,0.1980653576,-0.0000437207,0.5433708645,0.999878
929,2.2691744016,0.4034383173,0.1991273703,-0.0000478069,0.5431839873,0.999634
930,2.2716170005,0.4029099142,0.1999239809,-0.0000201653,0.5444260683,0.999756
931,2.2740595994,0.4052148430,0.1997323681,-0.0000071539,0.5441869348,0.999756
932,2.2765021983,0.4067902079,0.1983063081,-0.0000557577,0.5488405281,0.999512
933,2.2789447973,0.4058790270,0.1992977828,-0.0000467847,0.5444326676,0.999634
934,2.2813873962,0.4082423479,0.1980063615,-0.0000507331,0.5479283442,0.999756
935,2.2838299951,0.4092474053,0.1971402265,-0.0000149146,0.5480553124,0.999634
936,2.2862725940,0.4050247890,0.2011817415,0.0000177409,0.5482106732,1.000000
937,2.2887151930,0.4067852654,0.1997256281,-0.0000258083,0.5471025086,0.999756
938,2.2911577919,0.4155969702,0.1930022535,-0.0000453102,0.5452356696,0.999634
939,2.2936003908,0.4085537140,0.1982102008,-0.0000233511,0.5474681101,0.999512
940,2.2960429897,0.4110085102,0.1960136539,-0.0000072907,0.5471358284,0.999756
941,2.2984855887,0.4122878168,0.1954338428,-0.0000235505,0.5539065986,0.999878
942,2.3009281876,0.4097095865,0.1973288646,-0.0000078089,0.5524731449,0.999878
943,2.3033707865,0.4140687754,0.1938059445,-0.0000138941,0.5510359620,0.999878
944,2.3058133854,0.4126875007,0.1946145443,-0.0000106045,0.5508750267,0.999756
945,2.3082559844,0.4145544794,0.1930436926,0.0000070472,0.5517301349,1.000000
946,2.3106985833,0.4161732174,0.1918120450,0.0000050029,0.5512976162,1.000000
947,2.3131411822,0.4177895621,0.1899350016,-0.0000317049,0.5553784263,0.999878
948,2.3155837811,0.4138055290,0.1935743383,-0.0000219347,0.5554025078,0.999756
949,2.3180263801,0.4169796415,0.1904017586,-0.0000199158,0.5574559400,0.999756
950,2.3204689790,0.4176532393,0.1893433366,-0.0000311556,0.5561249694,0.999756
951,2.3229115779,0.4198483741,0.1865345321,-0.0000205345,0.5550054261,0.999756
952,2.3253541768,0.4197729053,0.1852364323,-0.0000141539,0.5567522632,0.999634
953,2.3277967758,0.4240040606,0.1795592264,0.0000339248,0.5569316632,1.000000
954,2.3302393747,0.4229538108,0.1797552050,-0.0000039940,0.5580980992,0.999878
955,2.3326819736,0.4244245233,0.1782926066,-0.0000184173,0.5624128133,0.999878
956,2.3351245725,0.4225653003,0.1786588603,-0.0000263734,0.5590288489,0.999878
957,2.3375671715,0.4228898942,0.1766197422,-0.0000159072,0.5607315483,0.999634
958,2.3400097704,0.4211009157,0.1797478851,0.0000029939,0.5610212411,1.000000
959,2.3424523693,0.4245978394,0.1757682622,0.0000083013,0.5588776319,1.000000
960,2.3448949682,0.4269596609,0.1730497907,-0.0000007712,0.5583035974,0.999878
961,2.3473375672,0.4266430397,0.1754626983,-0.0000014896,0.5570670060,0.999878
962,2.3497801661,0.4293580042,0.1713556826,0.0000303177,0.5620341260,1.000000
963,2.3522227650,0.4289370580,0.1715730015,-0.0000107783,0.5653245553,0.999634
964,2.3546653639,0.4272947481,0.1733750190,0.0000174884,0.5609790501,1.000000
965,2.3571079629,0.4319641608,0.1667950247,-0.0000215326,0.5647291213,0.999878
966,2.3595505618,0.4290394561,0.1708152912,-0.0000659680,0.5626833720,0.999878
967,2.3619931607,0.4328020198,0.1690869661,-0.0000078341,0.5647217495,0.999878
968,2.3644357596,0.4323064597,0.1691389832,0.0000031893,0.5610474801,1.000000
969,2.3668783586,0.4313362100,0.1709920909,-0.0000274901,0.5635468096,0.999634
970,2.3693209575,0.4312582726,0.1703662463,-0.0000381478,0.5646384323,0.999634
971,2.3717635564,0.4370529899,0.1643797482,-0.0000206799,0.5614866112,0.999878
972,2.3742061553,0.4369536847,0.1661956132,0.0000114289,0.5622945267,1.000000
973,2.3766487543,0.4399459058,0.1636579397,0.0000013413,0.5642222939,1.000000
974,2.3790913532,0.4373242354,0.1673068061,-0.0000265859,0.5651244538,0.999878
975,2.3815339521,0.4413529923,0.1630867277,0.0000237799,0.5675589874,1.000000
976,2.3839765511,0.4422929616,0.1630792532,0.0000122999,0.5677846030,1.000000
977,2.3864191500,0.4388480698,0.1678749834,-0.0000268114,0.5692184998,0.999878
978,2.3888617489,0.4438906106,0.1634432761,0.0000161062,0.5659774769,1.000000
979,2.3913043478,0.4403163532,0.1678459245,-0.0000307866,0.5664122015,0.999634
980,2.3937469468,0.4419372567,0.1675597767,0.0000192775,0.5658588389,1.000000
981,2.3961895457,0.4451440641,0.1645041545,-0.0000206279,0.5739213324,0.999756
982,2.3986321446,0.4422669364,0.1699414794,0.0000063878,0.5665948289,1.000000
983,2.4010747435,0.4464599721,0.1660321152,0.0000218957,0.5682520010,1.000000
984,2.4035173425,0.4454028293,0.1675345945,-0.0000096041,0.5767607906,0.999878
985,2.4059599414,0.4487877667,0.1648889128,0.0000241092,0.5776867375,1.000000
986,2.4084025403,0.4500674395,0.1649138537,-0.0000017273,0.5723602530,0.999878
987,2.4108451392,0.4473821335,0.1683124608,-0.0000525300,0.5799255213,0.999756
988,2.4132877382,0.4505937364,0.1657078667,0.0000149099,0.5799847358,1.000000
989,2.4157303371,0.4483757651,0.1683545786,-0.0000375324,0.5763567601,0.999756
990,2.4181729360,0.4497499756,0.1689885817,0.0000166113,0.5777744140,1.000000
991,2.4206155349,0.4489842229,0.1695688637,-0.0000485274,0.5871229278,0.999634
992,2.4230581339,0.4534177046,0.1661284637,-0.0000529378,0.5845618079,0.999634
993,2.4255007328,0.4553119409,0.1649832314,-0.0000019898,0.5881137852,0.999878
994,2.4279433317,0.4556342605,0.1664716613,-0.0000303614,0.5827827972,0.999878
995,2.4303859306,0.4568946792,0.1650083924,-0.0000045323,0.5831279747,0.999878
996,2.4328285296,0.4534798005,0.1704691827,-0.0000181055,0.5792416996,0.999634
997,2.4352711285,0.4515341799,0.1726267219,0.0000123079,0.5826828689,1.000000
998,2.4377137274,0.4597600366,0.1656842334,0.0000280799,0.5840325476,1.000000
999,2.4401563263,0.4572405719,0.1686415006,-0.0000207309,0.5828343035,0.999878
1000,2.4425989253,0.4588235983,0.1677541452,-0.0000310403,0.5825349689,0.999878
1001,2.4450415242,0.4608185454,0.1658392884,-0.0000269280,0.5842064635,0.999878
1002,2.4474841231,0.4596138865,0.1680616766,0.0000136363,0.5828722966,1.000000
1003,2.4499267220,0.4581597806,0.1707190242,0.0000152495,0.5828548955,1.000000
1004,2.4523693210,0.4607453865,0.1688766414,-0.0000263516,0.5900485448,0.999878
1005,2.4548119199,0.4631938025,0.1680822905,0.0000197615,0.5856173380,1.000000
1006,2.4572545188,0.4646672918,0.1676080164,0.0000129381,0.5866030814,1.000000
1007,2.4596971177,0.4636898455,0.1692756297,0.0000181546,0.5848137350,1.000000
1008,2.4621397167,0.4621163836,0.1717665239,-0.0000186696,0.5914959274,0.999878
1009,2.4645823156,0.4654904030,0.1690535414,0.0000187501,0.5828043843,1.000000
1010,2.4670249145,0.4684715365,0.1664955449,0.0000038133,0.5862682314,1.000000
1011,2.4694675134,0.4656425918,0.1713157385,-0.0000138458,0.5842381388,0.999756
1012,2.4719101124,0.4681903265,0.1695700111,-0.0000093088,0.5821563418,0.999878
1013,2.4743527113,0.4684330853,0.1688943016,0.0000168996,0.5812827599,1.000000
1014,2.4767953102,0.4699115521,0.1670510926,0.0000049037,0.5896644867,1.000000
1015,2.4792379091,0.4702613158,0.1672079290,-0.0000176200,0.5855759805,0.999634
1016,2.4816805081,0.4721207797,0.1665551415,0.0000157388,0.5868197735,1.000000
1017,2.4841231070,0.4698995672,0.1694161610,-0.0000061583,0.5902291047,0.999878
1018,2.4865657059,0.4726515125,0.1670327141,0.0000077463,0.5843868677,1.000000
1019,2.4890083048,0.4733380011,0.1676791539,0.0000091475,0.5904851735,1.000000
1020,2.4914509038,0.4747223497,0.1671487738,-0.0000077675,0.5924776052,0.999878
1021,2.4938935027,0.4731771019,0.1712224087,-0.0000137392,0.5966469721,0.999756
1022,2.4963361016,0.4762258437,0.1681076893,0.0000002744,0.5969412963,1.000000
1023,2.4987787005,0.4752509430,0.1704797975,-0.0000072465,0.5836182069,0.999878
1024,2.5012212995,0.4761006977,0.1708992772,0.0000103653,0.5849485613,1.000000
1025,2.5036638984,0.4724878044,0.1759933325,0.0000216120,0.5921307746,1.000000
1026,2.5061064973,0.4790360071,0.1696283671,-0.0000328949,0.5870466622,0.999634
1027,2.5085490962,0.4752697135,0.1750215451,-0.0000026003,0.5873666289,0.999878
1028,2.5109916952,0.4775635644,0.1727852002,-0.0000474350,0.5914747249,0.999878
1029,2.5134342941,0.4744789765,0.1773406132,0.0000002145,0.5943538692,1.000000
1030,2.5158768930,0.4783362285,0.1749752720,0.0000146036,0.5927232017,1.000000
1031,2.5183194919,0.4815978685,0.1705750107,0.0000104586,0.5921784189,1.000000
1032,2.5207620909,0.4808722213,0.1716612558,-0.0000012969,0.5914034787,0.999878
1033,2.5232046898,0.4816112945,0.1708732339,-0.0000276425,0.5892760775,0.999756
1034,2.5256472887,0.4840418082,0.1682300091,0.0000076983,0.5918057422,1.000000
1035,2.5280898876,0.4800452505,0.1740477915,0.0000162542,0.5958096100,1.000000
1036,2.5305324866,0.4851068319,0.1692278617,0.0000071203,0.5905363629,1.000000
1037,2.5329750855,0.4848509190,0.1709456546,-0.0000010466,0.5930365153,0.999878
1038,2.5354176844,0.4851651627,0.1718559279,-0.0000042272,0.5907445221,0.999878
1039,2.5378602833,0.4863168819,0.1717822410,0.0000116056,0.5954861945,1.000000
1040,2.5403028823,0.4865353895,0.1723916345,0.0000063933,0.6001726633,1.000000
1041,2.5427454812,0.4893160779,0.1712560437,-0.0000280037,0.5974448782,0.999756
1042,2.5451880801,0.4890253534,0.1724224599,-0.0000021742,0.5943262297,0.999756
1043,2.5476306790,0.4893026817,0.1732499555,-0.0000134431,0.5953619843,0.999878
1044,2.5500732780,0.4874796284,0.1766832051,-0.0000059261,0.5985160645,0.999878
1045,2.5525158769,0.4905198397,0.1741994467,-0.0000360929,0.5978021415,0.999756
1046,2.5549584758,0.4889863588,0.1770984322,0.0000057770,0.5977147363,1.000000
1047,2.5574010747,0.4871641589,0.1801623857,-0.0000032925,0.5973876036,0.999878
1048,2.5598436737,0.4869995384,0.1819793969,0.0000094565,0.5994510747,1.000000
1049,2.5622862726,0.4911378537,0.1778976876,0.0000209234,0.6010050870,1.000000
1050,2.5647288715,0.4937998258,0.1756113366,-0.0000488134,0.5991759071,0.999634
1051,2.5671714704,0.4933770536,0.1767592248,0.0000147623,0.5972421378,1.000000
1052,2.5696140694,0.4950754079,0.1761218067,-0.0000210004,0.6002324689,0.999878
1053,2.5720566683,0.4946010364,0.1775261567,0.0000324118,0.5973142394,1.000000
1054,2.5744992672,0.4978535934,0.1740828908,-0.0000143398,0.6027458118,0.999756
1055,2.5769418661,0.4999701197,0.1727550529,0.0000041153,0.6013099569,1.000000
1056,2.5793844651,0.4982721423,0.1742258602,0.0000103450,0.6006229079,1.000000
1057,2.5818270640,0.4979121247,0.1740399780,0.0000017264,0.5994985620,1.000000
1058,2.5842696629,0.4986453049,0.1736082489,-0.0000068241,0.6025723434,0.999878
1059,2.5867122618,0.4957871722,0.1775943882,0.0000096123,0.6044134063,1.000000
1060,2.5891548608,0.5012354902,0.1720742943,-0.0000290476,0.6018189177,0.999756
1061,2.5915974597,0.5005188390,0.1741966080,-0.0000028664,0.6040790253,0.999878
1062,2.5940400586,0.5013173513,0.1739034775,-0.0000073444,0.6031841847,0.999878
1063,2.5964826575,0.4992603407,0.1779770938,-0.0000067892,0.5993075055,0.999878
1064,2.5989252565,0.5022688574,0.1757138073,-0.0000018967,0.6018485776,0.999878
1065,2.6013678554,0.5012697467,0.1776049563,0.0000061491,0.6043118194,1.000000
1066,2.6038104543,0.5043453758,0.1762906850,0.0000045645,0.6077925512,1.000000
1067,2.6062530532,0.5074411989,0.1729405796,-0.0000163486,0.6092388499,0.999878
1068,2.6086956522,0.5052326984,0.1772909111,0.0000114461,0.6064733680,1.000000
1069,2.6111382511,0.5041850636,0.1807789278,0.0000080465,0.6048801369,1.000000
1070,2.6135808500,0.5057672261,0.1796688127,-0.0000196685,0.6082013395,0.999878
1071,2.6160234489,0.5079478094,0.1776600302,-0.0000025715,0.6071809281,0.999878
1072,2.6184660479,0.5062004247,0.1816244187,0.0000336988,0.6070282682,1.000000
1073,2.6209086468,0.5075928411,0.1816859882,-0.0000010719,0.6114412075,0.999878
1074,2.6233512457,0.5070565814,0.1829151305,-0.0000143348,0.6093860265,0.999756
1075,2.6257938447,0.5114592760,0.1788406783,0.0000151463,0.6144862624,1.000000
1076,2.6282364436,0.5111888849,0.1802797891,-0.0000304470,0.6115092439,0.999756
1077,2.6306790425,0.5096446374,0.1831298274,-0.0000097190,0.6070589542,0.999878
1078,2.6331216414,0.5101635961,0.1829023598,-0.0000015284,0.6102112849,0.999878
1079,2.6355642404,0.5089936730,0.1851219259,0.0000094931,0.6127651172,1.000000
1080,2.6380068393,0.5126596939,0.1819717948,-0.0000007214,0.6130070761,0.999878
1081,2.6404494382,0.5105082805,0.1856258184,0.0000356957,0.6137009258,1.000000
1082,2.6428920371,0.5119814998,0.1850276448,0.0000094011,0.6134423313,1.000000
1083,2.6453346361,0.5107737123,0.1880994937,-0.0000074391,0.6109250607,0.999878
1084,2.6477772350,0.5110486469,0.1882458430,0.0000159953,0.6139514734,1.000000
1085,2.6502198339,0.5105527207,0.1897999954,-0.0000006014,0.6139957443,0.999878
1086,2.6526624328,0.5182501190,0.1814059604,-0.0000156390,0.6138132649,0.999878
1087,2.6551050318,0.5169488529,0.1835652077,-0.0000126354,0.6193197590,0.999878
1088,2.6575476307,0.5165294734,0.1850617868,-0.0000283004,0.6198458426,0.999756
1089,2.6599902296,0.5146025180,0.1876133987,-0.0000171204,0.6172982090,0.999878
1090,2.6624328285,0.5156199472,0.1854830828,0.0000115840,0.6191296887,1.000000
1091,2.6648754275,0.5186971079,0.1806429865,0.0000237107,0.6179169386,1.000000
1092,2.6673180264,0.5190771404,0.1808264304,0.0000414325,0.6186442131,1.000000
1093,2.6697606253,0.5137845680,0.1861604271,0.0000348870,0.6194517228,1.000000
1094,2.6722032242,0.5179761527,0.1816670294,-0.0000340214,0.6181135642,0.999878
1095,2.6746458232,0.5209023540,0.1792587258,0.0000009918,0.6214119781,1.000000
1096,2.6770884221,0.5246371449,0.1751736191,0.0000181845,0.6194819898,1.000000
1097,2.6795310210,0.5201782067,0.1822186811,-0.0000018148,0.6197273098,0.999878
1098,2.6819736199,0.5204208320,0.1828374333,0.0000092990,0.6212026521,1.000000
1099,2.6844162189,0.5221008660,0.1823933722,0.0000462079,0.6242838118,1.000000
1100,2.6868588178,0.5214542452,0.1854415098,0.0000131068,0.6199676478,1.000000
1101,2.6893014167,0.5257751141,0.1802034320,0.0000224574,0.6205559583,1.000000
1102,2.6917440156,0.5234627771,0.1850377637,0.0000131264,0.6191598015,1.000000
1103,2.6941866146,0.5225097936,0.1876037690,0.0000334958,0.6205567297,1.000000
1104,2.6966292135,0.5254338778,0.1851643315,0.0000142260,0.6207622530,1.000000
1105,2.6990718124,0.5260775748,0.1858877786,0.0000041593,0.6242920940,1.000000
1106,2.7015144113,0.5265049940,0.1869817057,0.0000351446,0.6274743475,1.000000
1107,2.7039570103,0.5297254248,0.1843923233,0.0000089845,0.6211661794,1.000000
1108,2.7063996092,0.5276053298,0.1884897464,0.0000116817,0.6236331490,1.000000
1109,2.7088422081,0.5294939818,0.1874596653,-0.0000084451,0.6233055970,0.999878
1110,2.7112848070,0.5323566967,0.1853218777,-0.0000049501,0.6242337275,0.999878
1111,2.7137274060,0.5263926089,0.1938440596,-0.0000112418,0.6306058040,0.999878
1112,2.7161700049,0.5326761169,0.1874973362,0.0000459336,0.6272245169,1.000000
1113,2.7186126038,0.5284166111,0.1940980528,-0.0000349332,0.6267890022,0.999756
1114,2.7210552027,0.5309585166,0.1920489400,0.0000002420,0.6277056130,1.000000
1115,2.7234978017,0.5301862477,0.1939343141,0.0000016398,0.6322012120,1.000000
1116,2.7259404006,0.5307451562,0.1948404259,-0.0000080979,0.6301109815,0.999756
1117,2.7283829995,0.5266273292,0.2002655458,-0.0000576944,0.6302218416,0.999878
1118,2.7308255984,0.5317950617,0.1953067423,-0.0000344251,0.6329686066,0.999756
1119,2.7332681974,0.5326789619,0.1952063727,-0.0000417671,0.6313218084,0.999756
1120,2.7357107963,0.5390339738,0.1879695757,0.0000280850,0.6340525940,1.000000
1121,2.7381533952,0.5342532190,0.1940221682,0.0000170875,0.6378879040,1.000000
1122,2.7405959941,0.5344354422,0.1945027875,-0.0000165603,0.6357401049,0.999878
1123,2.7430385931,0.5378802723,0.1921305818,0.0000184145,0.6353180124,1.000000
1124,2.7454811920,0.5394295885,0.1909539619,0.0000353700,0.6367827127,1.000000
1125,2.7479237909,0.5358913027,0.1960861016,-0.0000102658,0.6357742528,0.999878
1126,2.7503663898,0.5371452086,0.1957800434,0.0000274321,0.6381926006,1.000000
1127,2.7528089888,0.5360860903,0.1982591644,0.0000060699,0.6414888466,1.000000
1128,2.7552515877,0.5390616361,0.1955434874,0.0000217608,0.6381846008,1.000000
1129,2.7576941866,0.5344568642,0.2015541258,-0.0000073973,0.6385281840,0.999878
1130,2.7601367855,0.5411697943,0.1937971973,0.0000242554,0.6383259726,1.000000
1131,2.7625793845,0.5369619890,0.2000109809,-0.0000293633,0.6395142175,0.999756
1132,2.7650219834,0.5407098485,0.1965426388,0.0000442412,0.6399146898,1.000000
1133,2.7674645823,0.5443864855,0.1929680053,0.0000005902,0.6406196731,1.000000
1134,2.7699071812,0.5395533300,0.1991160640,0.0000113721,0.6413859689,1.000000
1135,2.7723497802,0.5379550892,0.2016957281,-0.0000445017,0.6409038892,0.999878
1136,2.7747923791,0.5464395092,0.1920149810,-0.0000163045,0.6427292981,0.999878
1137,2.7772349780,0.5421425530,0.1972430185,-0.0000193466,0.6443143536,0.999512
1138,2.7796775769,0.5425819417,0.1967898379,-0.0000095562,0.6440373744,0.999878
1139,2.7821201759,0.5466558790,0.1902312953,0.0000187562,0.6439948986,1.000000
1140,2.7845627748,0.5449148307,0.1908647680,0.0000140673,0.6450506961,1.000000
1141,2.7870053737,0.5459844887,0.1876859745,0.0000405889,0.6504323593,1.000000
1142,2.7894479726,0.5450628688,0.1900538778,0.0000438896,0.6442722417,1.000000
1143,2.7918905716,0.5458236933,0.1902951290,0.0000311909,0.6445392437,1.000000
1144,2.7943331705,0.5468209020,0.1896897946,0.0000432420,0.6455692428,1.000000
1145,2.7967757694,0.5448684235,0.1933838392,0.0000455535,0.6466636464,1.000000
1146,2.7992183683,0.5452871108,0.1942307932,0.0000012826,0.6464804989,1.000000
1147,2.8016609673,0.5498848733,0.1892896463,0.0000118698,0.6492543724,1.000000
1148,2.8041035662,0.5453701003,0.1966278594,-0.0000458935,0.6458526814,0.999634
1149,2.8065461651,0.5507814861,0.1911174788,-0.0000428540,0.6485307707,0.999878
1150,2.8089887640,0.5504554077,0.1928523945,-0.0000026914,0.6445000062,0.999756
1151,2.8114313630,0.5497456748,0.1946028649,-0.0000065849,0.6454977042,0.999878
1152,2.8138739619,0.5520326844,0.1933391130,0.0000023862,0.6476890436,1.000000
1153,2.8163165608,0.5502106991,0.1969334239,-0.0000218218,0.6461805322,0.999878
1154,2.8187591597,0.5495870544,0.1990919338,-0.0000240687,0.6479547109,0.999878
1155,2.8212017587,0.5496871698,0.2003344959,-0.0000254214,0.6509656198,0.999756
1156,2.8236443576,0.5531495038,0.1975442750,0.0000002268,0.6492898165,1.000000
1157,2.8260869565,0.5543578290,0.1973710623,0.0000195739,0.6561430514,1.000000
1158,2.8285295554,0.5537905004,0.1994900405,0.0000011852,0.6502014783,1.000000
1159,2.8309721544,0.5523185963,0.2027089839,-0.0000204297,0.6532127198,0.999878
1160,2.8334147533,0.5596751238,0.1946733536,0.0000105141,0.6527452546,1.000000
1161,2.8358573522,0.5602581894,0.1959111340,0.0000233357,0.6557823109,1.000000
1162,2.8382999511,0.5568568767,0.2008660607,0.0000089812,0.6519549087,1.000000
1163,2.8407425501,0.5574877802,0.2013706735,0.0000050146,0.6533536310,1.000000
1164,2.8431851490,0.5590845419,0.2005940776,-0.0000013695,0.6555822280,0.999878
1165,2.8456277479,0.5578486166,0.2033065708,-0.0000168485,0.6541484695,0.999878
1166,2.8480703468,0.5569043805,0.2060586097,-0.0000269013,0.6588594149,0.999756
1167,2.8505129458,0.5560928686,0.2080057860,-0.0000071869,0.6565064745,0.999878
1168,2.8529555447,0.5625897580,0.2014875898,-0.0000090449,0.6612895831,0.999634
1169,2.8553981436,0.5582173188,0.2072692328,0.0000030062,0.6558877668,1.000000
1170,2.8578407426,0.5615285480,0.2047653130,-0.0000183441,0.6594236940,0.999878
1171,2.8602833415,0.5571677849,0.2107955906,0.0000035983,0.6603674382,1.000000
1172,2.8627259404,0.5614292552,0.2069100224,-0.0000017866,0.6610392090,0.999878
1173,2.8651685393,0.5626468544,0.2063070214,0.0000049777,0.6604828209,1.000000
1174,2.8676111383,0.5647953865,0.2047076123,0.0000074761,0.6603670309,1.000000
1175,2.8700537372,0.5577492675,0.2137976315,-0.0000211236,0.6605967806,0.999634
1176,2.8724963361,0.5614303206,0.2103043944,-0.0000047741,0.6641223157,0.999878
1177,2.8749389350,0.5667994332,0.2053490681,-0.0000053765,0.6614776252,0.999878
1178,2.8773815340,0.5629902967,0.2105775733,-0.0000212401,0.6640038709,0.999756
1179,2.8798241329,0.5668653778,0.2065536509,-0.0000090765,0.6645296420,0.999512
1180,2.8822667318,0.5620042290,0.2133551360,-0.0000486303,0.6654389422,0.999390
1181,2.8847093307,0.5693187628,0.2053028525,0.0000026922,0.6667215298,1.000000
1182,2.8871519297,0.5667055612,0.2087382525,-0.0000298893,0.6659869677,0.999878
1183,2.8895945286,0.5646760564,0.2111688737,0.0000048770,0.6658841738,1.000000
1184,2.8920371275,0.5694659521,0.2064714959,-0.0000280154,0.6685828345,0.999634
1185,2.8944797264,0.5682646682,0.2082762876,-0.0000086554,0.6680349870,0.999878
1186,2.8969223254,0.5674076487,0.2106335617,-0.0000618466,0.6678849069,0.999634
1187,2.8993649243,0.5668448826,0.2117127040,-0.0000081910,0.6677708855,0.999756
1188,2.9018075232,0.5648864280,0.2148831456,0.0000350860,0.6705290169,1.000000
1189,2.9042501221,0.5701786787,0.2097907676,-0.0000368171,0.6688229854,0.999756
1190,2.9066927211,0.5713943838,0.2096925606,0.0000295054,0.6702930132,1.000000
1191,2.9091353200,0.5666433488,0.2154531215,-0.0000046979,0.6720533884,0.999878
1192,2.9115779189,0.5715571780,0.2112986788,0.0000350885,0.6700122087,1.000000
1193,2.9140205178,0.5630910763,0.2211807083,-0.0000111660,0.6730913046,0.999878
1194,2.9164631168,0.5715307563,0.2117620161,0.0000123568,0.6704542121,1.000000
1195,2.9189057157,0.5716072354,0.2124932807,0.0000242663,0.6725018600,1.000000
1196,2.9213483146,0.5733462899,0.2111875026,-0.0000325855,0.6747938318,0.999756
1197,2.9237909135,0.5757626010,0.2093450232,-0.0000264845,0.6759875579,0.999878
1198,2.9262335125,0.5711851374,0.2155478419,-0.0000190146,0.6738621347,0.999756
1199,2.9286761114,0.5735023762,0.2132716149,0.0000339586,0.6769355903,1.000000
1200,2.9311187103,0.5698623245,0.2178890533,0.0000155575,0.6755367908,1.000000
1201,2.9335613092,0.5748792269,0.2126381679,0.0000070672,0.6759206717,1.000000
1202,2.9360039082,0.5728657039,0.2153926081,0.0000148376,0.6767116663,1.000000
1203,2.9384465071,0.5767041066,0.2112271085,-0.0000239518,0.6767765775,0.999878
1204,2.9408891060,0.5756085531,0.2131117659,0.0000169014,0.6799793997,1.000000
1205,2.9433317049,0.5791087180,0.2092498978,0.0000174753,0.6749723992,1.000000
1206,2.9457743039,0.5772139280,0.2109010508,-0.0000012057,0.6782641386,0.999878
1207,2.9482169028,0.5804063491,0.2068438366,-0.0000157538,0.6785211018,0.999756
1208,2.9506595017,0.5781773671,0.2094277629,0.0000249452,0.6796757150,1.000000
1209,2.9531021006,0.5780361764,0.2103178185,0.0000341922,0.6779064293,1.000000
1210,2.9555446996,0.5761923121,0.2130694527,0.0000417996,0.6800660091,1.000000
1211,2.9579872985,0.5783864512,0.2109792353,0.0000079715,0.6811475296,1.000000
1212,2.9604298974,0.5793102044,0.2108314233,0.0000229613,0.6824633924,1.000000
1213,2.9628724963,0.5791508858,0.2126721270,0.0000162335,0.6842194181,1.000000
1214,2.9653150953,0.5827426062,0.2087974532,-0.0000367007,0.6846959357,0.999756
1215,2.9677576942,0.5792912479,0.2142853941,-0.0000164888,0.6817152462,0.999878
1216,2.9702002931,0.5788506463,0.2159154619,-0.0000127103,0.6804110858,0.999756
1217,2.9726428920,0.5819330005,0.2139571604,0.0000255725,0.6850581502,1.000000
1218,2.9750854910,0.5839206284,0.2114920250,0.0000259361,0.6844276185,1.000000
1219,2.9775280899,0.5832550850,0.2134582699,0.0000188857,0.6852929398,1.000000
1220,2.9799706888,0.5804802229,0.2178036899,0.0000024864,0.6893721524,1.000000
1221,2.9824132877,0.5877190706,0.2103781591,0.0000449411,0.6860490845,1.000000
1222,2.9848558867,0.5854927095,0.2131068265,0.0000197061,0.6891065227,1.000000
1223,2.9872984856,0.5894578427,0.2094971934,0.0000069557,0.6857929968,1.000000
1224,2.9897410845,0.5855694592,0.2144342556,0.0000317302,0.6884990862,1.000000
1225,2.9921836834,0.5910095531,0.2085698626,0.0000243111,0.6885782905,1.000000
1226,2.9946262824,0.5824288530,0.2196480919,-0.0001139305,0.6888984111,0.999878
1227,2.9970688813,0.5860374381,0.2163364761,0.0000410315,0.6919300918,1.000000
1228,2.9995114802,0.5860989804,0.2174619631,0.0000027495,0.6883810762,1.000000
1229,3.0019540791,0.5895200480,0.2143695542,0.0000330240,0.6889033906,1.000000
1230,3.0043966781,0.5913367887,0.2137667408,0.0000310463,0.6906938210,1.000000
1231,3.0068392770,0.5878262121,0.2190018482,0.0000209658,0.6911180949,1.000000
1232,3.0092818759,0.5913803861,0.2162289185,0.0000077163,0.6959573849,1.000000
1233,3.0117244748,0.5869950892,0.2221937983,0.0000382459,0.6934814468,1.000000
1234,3.0141670738,0.5886748109,0.2211579066,0.0000209440,0.6958508954,1.000000
1235,3.0166096727,0.5925337965,0.2173149962,-0.0000000141,0.6935951138,0.999878
1236,3.0190522716,0.5933088322,0.2172613802,-0.0000135605,0.6946295736,0.999878
1237,3.0214948705,0.5925397459,0.2192757683,0.0000013045,0.6953363239,1.000000
1238,3.0239374695,0.5941877198,0.2183252311,0.0000008665,0.6970061422,1.000000
1239,3.0263800684,0.5898476562,0.2241126625,-0.0000499970,0.7013734999,0.999878
1240,3.0288226673,0.5934930533,0.2208745467,-0.0000281720,0.6990279697,0.999756
1241,3.0312652662,0.5967584039,0.2175031226,0.0000484501,0.6954760653,1.000000
1242,3.0337078652,0.5930603159,0.2229758361,0.0000045770,0.6973254155,1.000000
1243,3.0361504641,0.5951306689,0.2212847407,0.0000228735,0.6974388426,1.000000
1244,3.0385930630,0.5978864214,0.2193121424,-0.0000193191,0.6986105762,0.999878
1245,3.0410356619,0.5978799634,0.2201868788,0.0000346505,0.6986451609,1.000000
1246,3.0434782609,0.6004800097,0.2183099233,0.0000236708,0.7007311701,1.000000
1247,3.0459208598,0.5958593747,0.2248808289,0.0000370651,0.6992664497,1.000000
1248,3.0483634587,0.6004735168,0.2205229635,-0.0000116153,0.7049933644,0.999756
1249,3.0508060576,0.5998769803,0.2220800674,-0.0000219042,0.7035605740,0.999756
1250,3.0532486566,0.5994801457,0.2238453597,0.0000276702,0.7027610694,1.000000
1251,3.0556912555,0.6029015277,0.2207112817,0.0000224137,0.7050017515,1.000000
1252,3.0581338544,0.6005504390,0.2241855457,0.0000352721,0.7048611236,1.000000
1253,3.0605764533,0.6031974326,0.2222265966,-0.0000061034,0.7061819705,0.999878
1254,3.0630190523,0.6050591174,0.2210011887,0.0000382735,0.7064981848,1.000000
1255,3.0654616512,0.5994020235,0.2281816587,-0.0000041950,0.7071374863,0.999878
1256,3.0679042501,0.5984845257,0.2297277441,0.0000032008,0.7084742714,1.000000
1257,3.0703468490,0.5988523571,0.2305476619,0.0000258533,0.7086294871,1.000000
1258,3.0727894480,0.5984531523,0.2320378854,-0.0000264170,0.7084255877,0.999756
1259,3.0752320469,0.6013600827,0.2293339055,-0.0000099623,0.7093146081,0.999878
1260,3.0776746458,0.6050862817,0.2261702968,0.0000020216,0.7121505602,1.000000
1261,3.0801172447,0.6035968587,0.2283192786,0.0000236541,0.7094913975,1.000000
1262,3.0825598437,0.6047849136,0.2277971748,0.0000144991,0.7111725343,1.000000
1263,3.0850024426,0.6021452143,0.2310993679,0.0000399052,0.7139675308,1.000000
1264,3.0874450415,0.6069290454,0.2262734335,0.0000172168,0.7144003211,1.000000
1265,3.0898876404,0.6080774108,0.2252862951,-0.0000590681,0.7134220495,0.999878
1266,3.0923302394,0.6029885921,0.2313378185,0.0000228885,0.7165866557,1.000000
1267,3.0947728383,0.6070877243,0.2266319124,0.0000023154,0.7143765063,1.000000
1268,3.0972154372,0.6086949248,0.2257421446,0.0000542486,0.7182886103,1.000000
1269,3.0996580362,0.6093101917,0.2254376390,0.0000306002,0.7163026381,1.000000
1270,3.1021006351,0.6082334281,0.2269066898,0.0000050701,0.7173265760,1.000000
1271,3.1045432340,0.6051836448,0.2304781018,0.0000072998,0.7150380569,1.000000
1272,3.1069858329,0.6059843192,0.2305245507,0.0000251368,0.7183777354,1.000000
1273,3.1094284319,0.6105760127,0.2256725687,0.0000456984,0.7185612813,1.000000
1274,3.1118710308,0.6092310285,0.2283206659,-0.0000224122,0.7202201874,0.999634
1275,3.1143136297,0.6101549436,0.2271257627,0.0000234728,0.7182455686,1.000000
1276,3.1167562286,0.6107722957,0.2270659065,-0.0000150769,0.7181210801,0.999878
1277,3.1191988276,0.6059674551,0.2335927221,0.0000208328,0.7216135199,1.000000
1278,3.1216414265,0.6091107234,0.2301499033,0.0000123751,0.7222808434,1.000000
1279,3.1240840254,0.6100976273,0.2303154626,0.0000427332,0.7228998009,1.000000
1280,3.1265266243,0.6100749235,0.2302487325,-0.0000370917,0.7189185920,0.999878
1281,3.1289692233,0.6117693151,0.2293438832,0.0000236406,0.7217655396,1.000000
1282,3.1314118222,0.6066913913,0.2361637778,-0.0000030918,0.7216027641,0.999878
1283,3.1338544211,0.6117676292,0.2307225300,-0.0000041119,0.7213382785,0.999878
1284,3.1362970200,0.6129532966,0.2299700749,0.0000319766,0.7217791851,1.000000
1285,3.1387396190,0.6115545826,0.2325121247,-0.0000050322,0.7218676550,0.999878
1286,3.1411822179,0.6128822150,0.2313320442,0.0000268340,0.7244771013,1.000000
1287,3.1436248168,0.6152983476,0.2293454363,0.0000363677,0.7242933826,1.000000
1288,3.1460674157,0.6051350677,0.2413046574,0.0000127420,0.7252514625,1.000000
1289,3.1485100147,0.6162281325,0.2294583648,-0.0000326939,0.7255258324,0.999878
1290,3.1509526136,0.6168831657,0.2297031655,0.0000095379,0.7278150723,1.000000
1291,3.1533952125,0.6177154070,0.2291631659,-0.0000231812,0.7249193935,0.999878
1292,3.1558378114,0.6173512184,0.2298833266,0.0000201874,0.7259072867,1.000000
1293,3.1582804104,0.6161990295,0.2319626799,-0.0000268493,0.7304982580,0.999878
1294,3.1607230093,0.6193407980,0.2289323121,0.0000008729,0.7263629740,1.000000
1295,3.1631656082,0.6230881069,0.2251418827,0.0000276272,0.7298235757,1.000000
1296,3.1656082071,0.6167337023,0.2333884972,-0.0000008609,0.7308240349,0.999878
1297,3.1680508061,0.6167055643,0.2342048285,-0.0000141109,0.7295445691,0.999878
1298,3.1704934050,0.6154190488,0.2360473750,0.0000446105,0.7310185167,1.000000
1299,3.1729360039,0.6200066507,0.2311828836,0.0000253465,0.7310221042,1.000000
1300,3.1753786028,0.6194701390,0.2327330220,0.0000263015,0.7327753566,1.000000
1301,3.1778212018,0.6211709567,0.2317959896,0.0000249975,0.7295538928,1.000000
1302,3.1802638007,0.6192218287,0.2347717558,0.0000404598,0.7301964913,1.000000
1303,3.1827063996,0.6244964034,0.2292083420,0.0000125584,0.7314407675,1.000000
1304,3.1851489985,0.6263393452,0.2279288452,-0.0000160329,0.7312561080,0.999878
1305,3.1875915975,0.6241787165,0.2311159822,0.0000427340,0.7307581737,1.000000
1306,3.1900341964,0.6250320007,0.2311676581,0.0000131431,0.7340797700,1.000000
1307,3.1924767953,0.6253633417,0.2317008211,-0.0000290417,0.7317167131,0.999878
1308,3.1949193942,0.6221688391,0.2352967358,-0.0000187624,0.7338029667,0.999878
1309,3.1973619932,0.6228586656,0.2351822367,0.0000130675,0.7377238778,1.000000
1310,3.1998045921,0.6247425397,0.2334770440,-0.0000029518,0.7358022427,0.999878
1311,3.2022471910,0.6188727580,0.2403528103,0.0000217162,0.7368715121,1.000000
1312,3.2046897899,0.6212741394,0.2381202315,0.0000261253,0.7342646851,1.000000
1313,3.2071323889,0.6216983763,0.2381049542,-0.0000161798,0.7348489832,0.999756
1314,3.2095749878,0.6191990617,0.2414761887,-0.0000277997,0.7372014223,0.999878
1315,3.2120175867,0.6231986790,0.2378684088,0.0000315591,0.7385505201,1.000000
1316,3.2144601856,0.6286839734,0.2322517357,0.0000090320,0.7384400980,1.000000
1317,3.2169027846,0.6328940640,0.2276751950,-0.0000077460,0.7425117689,0.999878
1318,3.2193453835,0.6265071202,0.2366301191,-0.0000085982,0.7412985152,0.999878
1319,3.2217879824,0.6229300965,0.2404642503,0.0000129097,0.7399719065,1.000000
1320,3.2242305813,0.6254873569,0.2389048360,0.0000040845,0.7394203511,1.000000
1321,3.2266731803,0.6295484275,0.2348511492,0.0000362498,0.7407324283,1.000000
1322,3.2291157792,0.6321936678,0.2324420926,-0.0000088189,0.7410616749,0.999756
1323,3.2315583781,0.6322351054,0.2327281715,0.0000080089,0.7435814215,1.000000
1324,3.2340009770,0.6287647075,0.2368847324,-0.0000237358,0.7418833395,0.999878
1325,3.2364435760,0.6266320660,0.2405995939,0.0000407734,0.7422315260,1.000000
1326,3.2388861749,0.6292056963,0.2381131514,0.0000314175,0.7415677965,1.000000
1327,3.2413287738,0.6302410367,0.2369699904,-0.0000076245,0.7442903766,0.999878
1328,3.2437713727,0.6337155787,0.2337292495,-0.0000260285,0.7422864300,0.999878
1329,3.2462139717,0.6316668759,0.2359548211,0.0000343308,0.7456161537,1.000000
1330,3.2486565706,0.6308592107,0.2376920210,-0.0000070734,0.7435055120,0.999756
1331,3.2510991695,0.6337275107,0.2347420589,-0.0000138332,0.7460453994,0.999756
1332,3.2535417684,0.6334296755,0.2350905046,0.0000088321,0.7455574749,1.000000
1333,3.2559843674,0.6319214332,0.2367579481,-0.0000370877,0.7462187829,0.999878
1334,3.2584269663,0.6332846243,0.2363212903,-0.0000188537,0.7462222119,0.999878
1335,3.2608695652,0.6394337595,0.2287267695,0.0000311151,0.7497983261,1.000000
1336,3.2633121641,0.6358659929,0.2332267730,0.0000359698,0.7482343542,1.000000
1337,3.2657547631,0.6335503529,0.2364447862,0.0000271307,0.7478751016,1.000000
1338,3.2681973620,0.6349539719,0.2346603496,0.0000141918,0.7475272567,1.000000
1339,3.2706399609,0.6392948885,0.2313655126,0.0000084415,0.7503360858,1.000000
1340,3.2730825598,0.6358222592,0.2344888450,0.0000256517,0.7494288288,1.000000
1341,3.2755251588,0.6407894690,0.2291286642,0.0000044466,0.7501305146,1.000000
1342,3.2779677577,0.6419150570,0.2289412793,0.0000229300,0.7502722471,1.000000
1343,3.2804103566,0.6382153288,0.2336161725,-0.0000262749,0.7520197543,0.999878
1344,3.2828529555,0.6366478045,0.2367048252,-0.0000064561,0.7531213584,0.999878
1345,3.2852955545,0.6362572534,0.2365163993,-0.0000284754,0.7520933243,0.999878
1346,3.2877381534,0.6372665276,0.2367523454,-0.0000046085,0.7526851927,0.999878
1347,3.2901807523,0.6415205255,0.2318450145,0.0000076244,0.7565854490,1.000000
1348,3.2926233512,0.6398912128,0.2343821663,0.0000189942,0.7547124936,1.000000
1349,3.2950659502,0.6384938570,0.2372304489,-0.0000050859,0.7573309368,0.999878
1350,3.2975085491,0.6443872686,0.2308770635,-0.0000162639,0.7542399589,0.999878
1351,3.2999511480,0.6356437622,0.2411384757,-0.0000319642,0.7559386009,0.999756
1352,3.3023937469,0.6429246089,0.2335907815,-0.0000113248,0.7594323783,0.999878
1353,3.3048363459,0.6401421286,0.2374869265,0.0000062801,0.7595447495,1.000000
1354,3.3072789448,0.6388847240,0.2395047088,0.0000023681,0.7600392757,1.000000
1355,3.3097215437,0.6431652240,0.2359400338,0.0000150411,0.7567010445,1.000000
1356,3.3121641426,0.6401090302,0.2401022621,0.0000096732,0.7591565610,1.000000
1357,3.3146067416,0.6448714583,0.2349929087,-0.0000048723,0.7571296109,0.999878
1358,3.3170493405,0.6423588637,0.2388811929,0.0000485179,0.7596684186,1.000000
1359,3.3194919394,0.6432463378,0.2381037847,0.0000198951,0.7622422852,1.000000
1360,3.3219345383,0.6437513996,0.2383005404,0.0000005965,0.7601532582,1.000000
1361,3.3243771373,0.6465829132,0.2360852674,-0.0000004968,0.7605848928,0.999878
1362,3.3268197362,0.6469547319,0.2359350942,0.0000248748,0.7616226325,1.000000
1363,3.3292623351,0.6456406423,0.2388705669,-0.0000183958,0.7613664704,0.999878
1364,3.3317049340,0.6437921307,0.2416666054,0.0000055622,0.7615919733,1.000000
1365,3.3341475330,0.6509078927,0.2342251095,0.0000466701,0.7634241410,1.000000
1366,3.3365901319,0.6453199521,0.2412638551,0.0000249726,0.7646689052,1.000000
1367,3.3390327308,0.6461339139,0.2406897238,0.0000098116,0.7623004707,1.000000
1368,3.3414753298,0.6486868510,0.2382934729,0.0000184623,0.7684371232,1.000000
1369,3.3439179287,0.6504652844,0.2368753806,-0.0000902348,0.7655601304,0.999756
1370,3.3463605276,0.6483863303,0.2401086153,0.0000146288,0.7650344279,1.000000
1371,3.3488031265,0.6483392824,0.2411996449,0.0000123178,0.7661363753,1.000000
1372,3.3512457255,0.6483235717,0.2412695103,0.0000135647,0.7652500222,1.000000
1373,3.3536883244,0.6474049314,0.2432755798,0.0000421766,0.7674930786,1.000000
1374,3.3561309233,0.6535292710,0.2366472724,-0.0000323359,0.7666464693,0.999634
1375,3.3585735222,0.6499218431,0.2419707431,0.0000012874,0.7682398060,1.000000
1376,3.3610161212,0.6496194146,0.2431627881,-0.0000003422,0.7744211741,0.999878
1377,3.3634587201,0.6489148846,0.2445286107,0.0000180809,0.7695444666,1.000000
1378,3.3659013190,0.6533224763,0.2406627264,0.0000283437,0.7717607214,1.000000
1379,3.3683439179,0.6512661628,0.2428295134,0.0000281303,0.7725496426,1.000000
1380,3.3707865169,0.6545371256,0.2400682803,0.0000274439,0.7708627186,1.000000
1381,3.3732291158,0.6533878720,0.2422187965,0.0000154491,0.7713011380,1.000000
1382,3.3756717147,0.6538996118,0.2418471960,0.0000272653,0.7740733467,1.000000
1383,3.3781143136,0.6551954978,0.2407161597,0.0000066748,0.7737672885,1.000000
1384,3.3805569126,0.6547281685,0.2416254292,-0.0000050286,0.7726434495,0.999878
1385,3.3829995115,0.6520945602,0.2456211491,0.0000133165,0.7740549861,1.000000
1386,3.3854421104,0.6546692722,0.2439690108,-0.0000186012,0.7804249377,0.999878
1387,3.3878847093,0.6582119486,0.2399722790,-0.0000128240,0.7765588419,0.999878
1388,3.3903273083,0.6559816916,0.2435234316,0.0000260231,0.7747901241,1.000000
1389,3.3927699072,0.6576597559,0.2424687042,0.0000106681,0.7789060772,1.000000
1390,3.3952125061,0.6559164532,0.2451211239,0.0000037482,0.7799390523,1.000000
1391,3.3976551050,0.6531187309,0.2491309505,0.0000412278,0.7789251299,1.000000
1392,3.4000977040,0.6558919648,0.2468357829,0.0000059165,0.7788743312,1.000000
1393,3.4025403029,0.6541807522,0.2492319484,-0.0000290945,0.7784282081,0.999878
1394,3.4049829018,0.6586484829,0.2450060482,0.0000398978,0.7805035957,1.000000
1395,3.4074255007,0.6575469147,0.2460982456,0.0000095322,0.7790963213,1.000000
1396,3.4098680997,0.6604731069,0.2429779113,0.0000153215,0.7797378745,1.000000
1397,3.4123106986,0.6542806973,0.2511745975,0.0000181841,0.7781488122,1.000000
1398,3.4147532975,0.6575937249,0.2479540918,0.0000166424,0.7804785799,1.000000
1399,3.4171958964,0.6601903805,0.2452050555,0.0000419593,0.7805079750,1.000000
1400,3.4196384954,0.6595121554,0.2461937189,0.0000222581,0.7810777366,1.000000
1401,3.4220810943,0.6609836485,0.2453425334,0.0000362099,0.7821844823,1.000000
1402,3.4245236932,0.6604387090,0.2457605255,0.0000241526,0.7791676389,1.000000
1403,3.4269662921,0.6573852132,0.2494384973,-0.0000012326,0.7816196678,0.999878
1404,3.4294088911,0.6600852157,0.2467622032,0.0000433786,0.7836197198,1.000000
1405,3.4318514900,0.6623087231,0.2452852563,-0.0000161683,0.7820203474,0.999756
1406,3.4342940889,0.6635683194,0.2438899075,0.0000132711,0.7832420412,1.000000
1407,3.4367366878,0.6630626629,0.2452661852,-0.0000065806,0.7832858334,0.999756
1408,3.4391792868,0.6620158321,0.2471668627,-0.0000166909,0.7875954145,0.999878
1409,3.4416218857,0.6647068799,0.2441977159,0.0000002494,0.7864968824,1.000000
1410,3.4440644846,0.6662665269,0.2433022195,-0.0000087460,0.7855789377,0.999756
1411,3.4465070835,0.6651879442,0.2449032838,0.0000157324,0.7846458743,1.000000
1412,3.4489496825,0.6621619156,0.2496669600,0.0000209101,0.7856053285,1.000000
1413,3.4513922814,0.6691314740,0.2414880791,0.0000098377,0.7846211868,1.000000
1414,3.4538348803,0.6726185076,0.2371758644,-0.0000027789,0.7882357603,0.999878
1415,3.4562774792,0.6584350981,0.2534939662,-0.0000023906,0.7882550358,0.999878
1416,3.4587200782,0.6697322232,0.2418004369,0.0000038703,0.7865825578,1.000000
1417,3.4611626771,0.6662247114,0.2463222495,-0.0000412526,0.7885955933,0.999878
1418,3.4636052760,0.6652327566,0.2476003786,0.0000149878,0.7923024589,1.000000
1419,3.4660478749,0.6706594746,0.2421340262,-0.0000296198,0.7945570849,0.999878
1420,3.4684904739,0.6667403820,0.2471614522,0.0000181520,0.7869275444,1.000000
1421,3.4709330728,0.6667522462,0.2475493663,-0.0000158710,0.7902431835,0.999756
1422,3.4733756717,0.6717160932,0.2422159816,0.0000155740,0.7933764907,1.000000
1423,3.4758182706,0.6744108253,0.2393936208,0.0000457034,0.7933735025,1.000000
1424,3.4782608696,0.6722450968,0.2421059623,-0.0000185582,0.7944925144,0.999756
1425,3.4807034685,0.6663761898,0.2505656496,-0.0000978512,0.7897181424,0.999756
1426,3.4831460674,0.6725895060,0.2435879505,0.0000470801,0.7919481779,1.000000
1427,3.4855886663,0.6700382180,0.2459107856,0.0000187554,0.7938825887,1.000000
1428,3.4880312653,0.6687685405,0.2476743428,0.0000368321,0.7922947547,1.000000
1429,3.4904738642,0.6731767406,0.2432909952,-0.0000125970,0.7932566571,0.999878
1430,3.4929164631,0.6716790526,0.2457719804,-0.0000182807,0.7940300039,0.999634
1431,3.4953590620,0.6751641413,0.2418720613,0.0000216296,0.7960428698,1.000000
1432,3.4978016610,0.6738631564,0.2448348882,0.0000186667,0.7938314956,1.000000
1433,3.5002442599,0.6714892554,0.2477725145,-0.0000951467,0.7958395868,0.999878
1434,3.5026868588,0.6761645059,0.2420416714,0.0000092272,0.7981546213,1.000000
1435,3.5051294577,0.6746258665,0.2449737756,-0.0000523113,0.7940585387,0.999756
1436,3.5075720567,0.6773532955,0.2413389052,0.0000020094,0.7959240210,1.000000
1437,3.5100146556,0.6762341073,0.2435165522,-0.0000199159,0.7948753449,0.999878
1438,3.5124572545,0.6732824847,0.2474237403,0.0000048549,0.7983600277,1.000000
1439,3.5148998534,0.6767782286,0.2442162126,0.0000212300,0.7983244023,1.000000
1440,3.5173424524,0.6765593026,0.2437318681,0.0000253813,0.7995753854,1.000000
1441,3.5197850513,0.6731945958,0.2484337293,0.0000360701,0.7969366932,1.000000
1442,3.5222276502,0.6796937179,0.2412742294,0.0000069101,0.7997960190,1.000000
1443,3.5246702491,0.6810725987,0.2405570502,-0.0000010905,0.7980322532,0.999878
1444,3.5271128481,0.6836090665,0.2369676017,0.0000333995,0.7996794418,1.000000
1445,3.5295554470,0.6785429913,0.2429098069,0.0000300077,0.7993918152,1.000000
1446,3.5319980459,0.6749745929,0.2484652524,0.0000022084,0.7977006087,1.000000
1447,3.5344406448,0.6815894764,0.2396788609,-0.0000232320,0.7991489458,0.999756
1448,3.5368832438,0.6785871226,0.2434842681,0.0000177611,0.8016138031,1.000000
1449,3.5393258427,0.6843353271,0.2374473312,0.0000188643,0.8004981358,1.000000
1450,3.5417684416,0.6806834037,0.2416204045,-0.0000287990,0.8022695481,0.999878
1451,3.5442110405,0.6809720979,0.2416622502,-0.0000270348,0.8034855352,0.999756
1452,3.5466536395,0.6823288099,0.2396361158,-0.0000132621,0.8030786396,0.999878
1453,3.5490962384,0.6818497553,0.2391631871,0.0000133724,0.8057448485,1.000000
1454,3.5515388373,0.6811544656,0.2405596446,-0.0000014564,0.8034210073,0.999878
1455,3.5539814362,0.6836311765,0.2375943106,0.0000006945,0.8039715792,1.000000
1456,3.5564240352,0.6904757495,0.2280757017,-0.0000098954,0.8036199116,0.999878
1457,3.5588666341,0.6900501463,0.2282569026,-0.0000062141,0.8039123911,0.999878
1458,3.5613092330,0.6911747588,0.2276387341,-0.0000074866,0.8063373975,0.999878
1459,3.5637518319,0.6864867926,0.2321921523,-0.0000021573,0.8061618702,0.999878
1460,3.5661944309,0.6893396253,0.2282773183,-0.0000241768,0.8082712248,0.999878
1461,3.5686370298,0.6895497634,0.2260539701,0.0000486979,0.8043563106,1.000000
1462,3.5710796287,0.6889593869,0.2282110398,-0.0000261530,0.8061759733,0.999634
1463,3.5735222277,0.6902438277,0.2263197039,-0.0000055703,0.8074059737,0.999878
1464,3.5759648266,0.6896536924,0.2270879649,0.0000096343,0.8077093112,1.000000
1465,3.5784074255,0.6890366352,0.2286128539,0.0000144903,0.8094550873,1.000000
1466,3.5808500244,0.6876782482,0.2292433549,0.0000190779,0.8072300010,1.000000
1467,3.5832926234,0.6875874917,0.2301812357,0.0000184242,0.8111140308,1.000000
1468,3.5857352223,0.6907889236,0.2271714049,-0.0000641409,0.8104847484,0.999756
1469,3.5881778212,0.6890951336,0.2283869452,-0.0000022602,0.8112628147,0.999878
1470,3.5906204201,0.6882208402,0.2305933960,0.0000278320,0.8102719186,1.000000
1471,3.5930630191,0.6873041289,0.2321989215,0.0000140940,0.8072153411,1.000000
1472,3.5955056180,0.6939089702,0.2225965678,0.0000176064,0.8122417071,1.000000
1473,3.5979482169,0.6903643390,0.2272777831,-0.0000098336,0.8155798571,0.999878
1474,3.6003908158,0.6898562273,0.2293796911,0.0000062759,0.8116537574,1.000000
1475,3.6028334148,0.6930389538,0.2264997418,0.0000177228,0.8131676280,1.000000
1476,3.6052760137,0.6938760140,0.2255413194,0.0000202293,0.8136114755,1.000000
1477,3.6077186126,0.6928656465,0.2266285769,-0.0000033632,0.8115889889,0.999878
1478,3.6101612115,0.6937705353,0.2265158046,0.0000603705,0.8104501581,1.000000
1479,3.6126038105,0.6965709739,0.2224558076,0.0000025368,0.8122696924,1.000000
1480,3.6150464094,0.6987544773,0.2220707518,0.0000094795,0.8121753432,1.000000
1481,3.6174890083,0.6954547790,0.2252918545,0.0000268273,0.8134682961,1.000000
1482,3.6199316072,0.6968578348,0.2243844255,0.0000277008,0.8154632419,1.000000
1483,3.6223742062,0.6897839769,0.2338162197,0.0000391467,0.8143070051,1.000000
1484,3.6248168051,0.6976024488,0.2259096618,0.0000078817,0.8104066799,1.000000
1485,3.6272594040,0.6941730667,0.2311306668,-0.0000206943,0.8151154028,0.999634
1486,3.6297020029,0.6966130288,0.2265467064,-0.0000021250,0.8163701686,0.999878
1487,3.6321446019,0.7008512279,0.2228292934,-0.0000321662,0.8179774412,0.999878
1488,3.6345872008,0.7002687721,0.2246274677,0.0000281130,0.8151244591,1.000000
1489,3.6370297997,0.6926639333,0.2343994441,-0.0000833932,0.8156299457,0.999878
1490,3.6394723986,0.7031456709,0.2216641029,0.0000634033,0.8148103657,1.000000
1491,3.6419149976,0.7026437241,0.2235462002,0.0000087725,0.8195821815,1.000000
1492,3.6443575965,0.6960894624,0.2313848793,-0.0000082896,0.8159084012,0.999756
1493,3.6468001954,0.6988414801,0.2289470851,-0.0000024970,0.8160966616,0.999878
1494,3.6492427943,0.7021147648,0.2240869015,0.0000101321,0.8139759898,1.000000
1495,3.6516853933,0.7019028200,0.2265230015,0.0000356459,0.8196630761,1.000000
1496,3.6541279922,0.7044355485,0.2237818311,0.0000053091,0.8204379818,1.000000
1497,3.6565705911,0.7056093712,0.2233840693,0.0000180728,0.8172022066,1.000000
1498,3.6590131900,0.6999178101,0.2315981846,0.0000238695,0.8172112094,1.000000
1499,3.6614557890,0.6994912661,0.2325491559,0.0000349353,0.8205761020,1.000000
1500,3.6638983879,0.7056460299,0.2251485070,-0.0000143971,0.8191176638,0.999878
1501,3.6663409868,0.6991625463,0.2345013666,0.0000245522,0.8217866765,1.000000
1502,3.6687835857,0.7018516136,0.2320809302,0.0000374050,0.8190886090,1.000000
1503,3.6712261847,0.7056985599,0.2272750554,0.0000152334,0.8224505015,1.000000
1504,3.6736687836,0.7022751624,0.2317121007,0.0000183141,0.8205098542,1.000000
1505,3.6761113825,0.7047393117,0.2294050546,-0.0000229655,0.8222334426,0.999878
1506,3.6785539814,0.7054722004,0.2286987005,0.0000103161,0.8232228063,1.000000
1507,3.6809965804,0.7044815234,0.2307882201,0.0000207821,0.8200745849,1.000000
1508,3.6834391793,0.7070544546,0.2275014101,0.0000342310,0.8247405909,1.000000
1509,3.6858817782,0.7110671479,0.2230220313,0.0000425622,0.8258869755,1.000000
1510,3.6883243771,0.7077453372,0.2286961023,0.0000141828,0.8248726592,1.000000
1511,3.6907669761,0.7103801520,0.2266710893,0.0000154663,0.8292725342,1.000000
1512,3.6932095750,0.7117746128,0.2258575673,0.0000335514,0.8298742175,1.000000
1513,3.6956521739,0.7055784299,0.2347599151,-0.0000110754,0.8229107996,0.999878
1514,3.6980947728,0.7105387502,0.2283222756,-0.0000073730,0.8276918373,0.999878
1515,3.7005373718,0.7145111432,0.2242746149,0.0000454508,0.8261720744,1.000000
1516,3.7029799707,0.7067898085,0.2358043718,0.0000146114,0.8271244178,1.000000
1517,3.7054225696,0.7100627908,0.2312958689,0.0000160668,0.8267546391,1.000000
1518,3.7078651685,0.7118061173,0.2295670964,-0.0000245333,0.8274013664,0.999878
1519,3.7103077675,0.7132304361,0.2286509634,0.0000129353,0.8288261174,1.000000
1520,3.7127503664,0.7088704548,0.2355116141,0.0000481655,0.8263529078,1.000000
1521,3.7151929653,0.7099983296,0.2346114402,-0.0000138535,0.8285640808,0.999756
1522,3.7176355642,0.7152883820,0.2276927767,-0.0000041182,0.8278294436,0.999756
1523,3.7200781632,0.7128142736,0.2318316193,-0.0000014434,0.8299180674,0.999878
1524,3.7225207621,0.7151132671,0.2281732293,-0.0000027931,0.8308980898,0.999878
1525,3.7249633610,0.7147943551,0.2290307647,0.0000494604,0.8317004526,1.000000
1526,3.7274059599,0.7138121353,0.2305159513,0.0000101118,0.8276291324,1.000000
1527,3.7298485589,0.7161505916,0.2277185580,0.0000322266,0.8316754365,1.000000
1528,3.7322911578,0.7135018110,0.2332320515,0.0000140541,0.8330160897,1.000000
1529,3.7347337567,0.7154629817,0.2308502322,-0.0000136854,0.8333579562,0.999878
1530,3.7371763556,0.7132057288,0.2352814802,-0.0000264347,0.8342438136,0.999878
1531,3.7396189546,0.7142594509,0.2344940262,0.0000401189,0.8324212455,1.000000
1532,3.7420615535,0.7200657844,0.2274077610,0.0000227918,0.8323947450,1.000000
1533,3.7445041524,0.7179713977,0.2305356664,0.0000296418,0.8388095850,1.000000
1534,3.7469467513,0.7173234580,0.2328783392,0.0000156272,0.8344163789,1.000000
1535,3.7493893503,0.7156739307,0.2367719899,0.0000558047,0.8368746818,1.000000
1536,3.7518319492,0.7116197393,0.2419050213,0.0000444385,0.8363057951,1.000000
1537,3.7542745481,0.7184474299,0.2340165705,0.0000082986,0.8357248622,1.000000
1538,3.7567171470,0.7232717867,0.2283370843,0.0000472696,0.8407962004,1.000000
1539,3.7591597460,0.7182339392,0.2353096449,0.0000042843,0.8378868584,1.000000
1540,3.7616023449,0.7196292981,0.2346312529,-0.0000065295,0.8357615418,0.999878
1541,3.7640449438,0.7171869139,0.2381184676,0.0000219930,0.8395100422,1.000000
1542,3.7664875427,0.7248851097,0.2289095834,0.0000379376,0.8363621142,1.000000
1543,3.7689301417,0.7184387160,0.2387254675,0.0000068325,0.8386594046,1.000000
1544,3.7713727406,0.7263621091,0.2281696619,0.0000135469,0.8369519692,1.000000
1545,3.7738153395,0.7202756270,0.2364301878,0.0000071920,0.8377086450,1.000000
1546,3.7762579384,0.7219720322,0.2356345820,-0.0000442697,0.8370788032,0.999878
1547,3.7787005374,0.7183185055,0.2402339308,0.0000039504,0.8364327091,1.000000
1548,3.7811431363,0.7194600480,0.2398990049,0.0000404348,0.8372376376,1.000000
1549,3.7835857352,0.7222241585,0.2359423623,0.0000322767,0.8363335047,1.000000
1550,3.7860283341,0.7267428855,0.2288480569,0.0000234293,0.8376429975,1.000000
1551,3.7884709331,0.7248629101,0.2313187715,0.0000405407,0.8385475641,1.000000
1552,3.7909135320,0.7264608385,0.2297076524,0.0000428581,0.8407198316,1.000000
1553,3.7933561309,0.7251391438,0.2321043365,0.0000418888,0.8390602311,1.000000
1554,3.7957987298,0.7231993175,0.2352442850,0.0000055873,0.8377066832,1.000000
1555,3.7982413288,0.7300611442,0.2266700032,0.0000477288,0.8416159008,1.000000
1556,3.8006839277,0.7256674262,0.2334762474,0.0000246116,0.8410947927,1.000000
1557,3.8031265266,0.7256538267,0.2345259353,-0.0000002446,0.8396084383,0.999878
1558,3.8055691255,0.7277750599,0.2320495833,0.0000400833,0.8398114538,1.000000
1559,3.8080117245,0.7281354763,0.2324448508,0.0000308604,0.8434421315,1.000000
1560,3.8104543234,0.7314662063,0.2285918109,0.0000096636,0.8455062412,1.000000
1561,3.8128969223,0.7261552848,0.2373693243,0.0000077757,0.8393449125,1.000000
1562,3.8153395213,0.7269206437,0.2372846195,0.0000097221,0.8498686898,1.000000
1563,3.8177821202,0.7326024863,0.2300337495,0.0000132100,0.8431547483,1.000000
1564,3.8202247191,0.7323208166,0.2314224114,0.0000009971,0.8399510259,1.000000
1565,3.8226673180,0.7257269655,0.2417798944,0.0000380744,0.8458476062,1.000000
1566,3.8251099170,0.7298440435,0.2368567877,-0.0000064456,0.8458824443,0.999878
1567,3.8275525159,0.7312968442,0.2358560879,0.0000083673,0.8483002924,1.000000
1568,3.8299951148,0.7332293817,0.2332256057,0.0000287621,0.8400908462,1.000000
1569,3.8324377137,0.7317572028,0.2367297143,0.0000193331,0.8468529468,1.000000
1570,3.8348803127,0.7321688694,0.2367145134,0.0000218025,0.8430473047,1.000000
1571,3.8373229116,0.7344921540,0.2333334750,-0.0000254363,0.8432084478,0.999878
1572,3.8397655105,0.7312701212,0.2382321224,-0.0000288704,0.8456860066,0.999878
1573,3.8422081094,0.7331290608,0.2359279832,0.0000204698,0.8492000385,1.000000
1574,3.8446507084,0.7367880810,0.2315160418,0.0000303498,0.8462793828,1.000000
1575,3.8470933073,0.7348119232,0.2348144357,0.0000259529,0.8444157080,1.000000
1576,3.8495359062,0.7338032107,0.2369651868,0.0000263715,0.8454714583,1.000000
1577,3.8519785051,0.7322644511,0.2395736372,-0.0000030038,0.8471672186,0.999878
1578,3.8544211041,0.7345328171,0.2366115285,0.0000258073,0.8477761296,1.000000
1579,3.8568637030,0.7333837097,0.2388757233,0.0000052822,0.8497585115,1.000000
1580,3.8593063019,0.7339155528,0.2388612910,-0.0000077177,0.8518728288,0.999878
1581,3.8617489008,0.7345020789,0.2383816998,0.0000081533,0.8465189522,1.000000
1582,3.8641914998,0.7345789920,0.2384823724,0.0000283288,0.8526182327,1.000000
1583,3.8666340987,0.7406078965,0.2307615240,0.0000032923,0.8503135004,1.000000
1584,3.8690766976,0.7357866576,0.2362613144,0.0000467898,0.8510635749,1.000000
1585,3.8715192965,0.7358424888,0.2356196877,0.0000145689,0.8475723182,1.000000
1586,3.8739618955,0.7380043199,0.2319389364,-0.0000126735,0.8484525700,0.999878
1587,3.8764044944,0.7425589055,0.2255114266,-0.0000252425,0.8521535036,0.999878
1588,3.8788470933,0.7418636465,0.2277065293,0.0000430281,0.8495622634,1.000000
1589,3.8812896922,0.7408969864,0.2296551949,0.0000268561,0.8518873217,1.000000
1590,3.8837322912,0.7430260570,0.2272267362,0.0000325300,0.8500888814,1.000000
1591,3.8861748901,0.7472623160,0.2224727109,0.0000193981,0.8517121530,1.000000
1592,3.8886174890,0.7391890304,0.2348507156,0.0000396122,0.8512187859,1.000000
1593,3.8910600879,0.7401863194,0.2343343038,0.0000125186,0.8474822848,1.000000
1594,3.8935026869,0.7453901656,0.2277220757,-0.0000150681,0.8524739061,0.999878
1595,3.8959452858,0.7436678412,0.2308973389,0.0000144412,0.8481392888,1.000000
1596,3.8983878847,0.7435311586,0.2323135008,-0.0000160362,0.8523863062,0.999878
1597,3.9008304836,0.7420131341,0.2357391104,0.0000119740,0.8498062225,1.000000
1598,3.9032730826,0.7388025214,0.2405307404,0.0000019570,0.8546514751,1.000000
1599,3.9057156815,0.7346544475,0.2471817088,0.0000189882,0.8520995273,1.000000
1600,3.9081582804,0.7442223509,0.2349867992,0.0000376352,0.8539851849,1.000000
1601,3.9106008793,0.7402882436,0.2411374464,0.0000244163,0.8535254634,1.000000
1602,3.9130434783,0.7444000681,0.2359618226,0.0000308628,0.8568044570,1.000000
1603,3.9154860772,0.7417470473,0.2397902633,0.0000128250,0.8543987507,1.000000
1604,3.9179286761,0.7447389722,0.2360669821,0.0000151766,0.8519650123,1.000000
1605,3.9203712750,0.7463300028,0.2352397451,0.0000317505,0.8581325615,1.000000
1606,3.9228138740,0.7429762498,0.2398808905,0.0000161523,0.8526276580,1.000000
1607,3.9252564729,0.7430640708,0.2397054017,0.0000130767,0.8555238202,1.000000
1608,3.9276990718,0.7441791517,0.2386715152,-0.0000019948,0.8573204792,0.999878
1609,3.9301416707,0.7449256142,0.2382765232,0.0000270201,0.8613949599,1.000000
1610,3.9325842697,0.7465946776,0.2350844674,0.0000383054,0.8587616695,1.000000
1611,3.9350268686,0.7491198131,0.2338764887,0.0000116862,0.8577053914,1.000000
1612,3.9374694675,0.7432477177,0.2417695768,0.0000199766,0.8567103878,1.000000
1613,3.9399120664,0.7501983945,0.2317923633,0.0000271859,0.8583781702,1.000000
1614,3.9423546654,0.7519429251,0.2303952469,-0.0000356787,0.8575272091,0.999878
1615,3.9447972643,0.7451112729,0.2406696197,0.0000374741,0.8583588802,1.000000
1616,3.9472398632,0.7480391833,0.2365564530,0.0000561066,0.8590050685,1.000000
1617,3.9496824621,0.7490113753,0.2364481568,-0.0000001544,0.8572386765,0.999878
1618,3.9521250611,0.7525783968,0.2325162546,0.0000258504,0.8575676419,1.000000
1619,3.9545676600,0.7548103165,0.2291366692,0.0000217084,0.8609028736,1.000000
1620,3.9570102589,0.7500326309,0.2364835773,0.0000450492,0.8590599631,1.000000
1621,3.9594528578,0.7535106184,0.2325678210,0.0000116579,0.8581042412,1.000000
1622,3.9618954568,0.7538657437,0.2319002287,0.0000023945,0.8600635914,1.000000
1623,3.9643380557,0.7522385237,0.2338381017,-0.0000154107,0.8618483771,0.999878
1624,3.9667806546,0.7525339413,0.2348213495,0.0000040129,0.8603932757,1.000000
1625,3.9692232535,0.7583599443,0.2273397408,-0.0000140507,0.8626702588,0.999878
1626,3.9716658525,0.7543118817,0.2336312336,-0.0000332336,0.8604739254,0.999878
1627,3.9741084514,0.7586439646,0.2275278952,0.0000314267,0.8588695009,1.000000
1628,3.9765510503,0.7529899249,0.2362326980,0.0000155324,0.8622883599,1.000000
1629,3.9789936492,0.7536558985,0.2347448172,-0.0000203343,0.8659581678,0.999756
1630,3.9814362482,0.7534430828,0.2356562984,0.0000403209,0.8660371231,1.000000
1631,3.9838788471,0.7557814527,0.2315747976,0.0000262292,0.8621108492,1.000000
1632,3.9863214460,0.7530380789,0.2350532728,0.0000307878,0.8636644236,1.000000
1633,3.9887640449,0.7562735079,0.2314764816,0.0000162322,0.8613303274,1.000000
1634,3.9912066439,0.7525811099,0.2367992443,-0.0000094816,0.8633779202,0.999878
1635,3.9936492428,0.7569210206,0.2312554332,-0.0000043200,0.8654073255,0.999878
1636,3.9960918417,0.7534935281,0.2366338815,-0.0000142240,0.8657681017,0.999878
1637,3.9985344406,0.7537321934,0.2360199456,0.0000473590,0.8641701749,1.000000
1638,4.0009770396,0.7543251939,0.2361838852,0.0000685655,0.8623155680,1.000000
1639,4.0034196385,0.7605724150,0.2277635843,-0.0000193319,0.8647918392,0.999878
1640,4.0058622374,0.7629954864,0.2242094009,0.0000115615,0.8670268469,1.000000
1641,4.0083048363,0.7611651059,0.2274718343,0.0000177541,0.8701554861,1.000000
1642,4.0107474353,0.7582629079,0.2324587415,0.0000264084,0.8629171181,1.000000
1643,4.0131900342,0.7588845762,0.2316930446,0.0000043250,0.8679233590,1.000000
1644,4.0156326331,0.7619893028,0.2281774971,0.0000245718,0.8643655797,1.000000
1645,4.0180752320,0.7619559625,0.2277335591,0.0000197916,0.8688746876,1.000000
1646,4.0205178310,0.7633910422,0.2248132036,0.0000512678,0.8704314137,1.000000
1647,4.0229604299,0.7624171256,0.2273124161,0.0000151627,0.8698563419,1.000000
1648,4.0254030288,0.7609485374,0.2304527053,-0.0000232668,0.8655734095,0.999878
1649,4.0278456277,0.7635438045,0.2268123193,0.0000076342,0.8677355106,1.000000
1650,4.0302882267,0.7636681353,0.2261849346,0.0000203415,0.8665346673,1.000000
1651,4.0327308256,0.7649966226,0.2258184914,-0.0000586347,0.8664674179,0.999878
1652,4.0351734245,0.7657660253,0.2244372552,0.0000294324,0.8686953551,1.000000
1653,4.0376160234,0.7674047123,0.2219866116,0.0000079486,0.8668929290,1.000000
1654,4.0400586224,0.7676691456,0.2207296208,0.0000076897,0.8723549653,1.000000
1655,4.0425012213,0.7632431928,0.2288673403,0.0000309352,0.8676477277,1.000000
1656,4.0449438202,0.7667313652,0.2240726182,0.0000321457,0.8725110534,1.000000
1657,4.0473864191,0.7626442778,0.2301548373,-0.0000062610,0.8697191469,0.999634
1658,4.0498290181,0.7635361313,0.2279501666,0.0000538099,0.8737425032,1.000000
1659,4.0522716170,0.7664846503,0.2233774976,0.0000409259,0.8724003729,1.000000
1660,4.0547142159,0.7663157969,0.2252834503,0.0000229071,0.8707713363,1.000000
1661,4.0571568149,0.7599409758,0.2336364154,0.0000438067,0.8740154311,1.000000
1662,4.0595994138,0.7655795250,0.2243772815,0.0000410920,0.8716088714,1.000000
1663,4.0620420127,0.7703432694,0.2184550735,0.0000490903,0.8722734055,1.000000
1664,4.0644846116,0.7684996439,0.2220528843,0.0000134314,0.8742549128,1.000000
1665,4.0669272106,0.7728575099,0.2144280087,0.0000355269,0.8731794596,1.000000
1666,4.0693698095,0.7661237448,0.2266344961,-0.0000065123,0.8800321173,0.999878
1667,4.0718124084,0.7656789759,0.2278233927,-0.0000101684,0.8742523968,0.999878
1668,4.0742550073,0.7718209070,0.2180009784,-0.0000228395,0.8727131010,0.999878
1669,4.0766976063,0.7694465179,0.2224924790,0.0000063275,0.8768813937,1.000000
1670,4.0791402052,0.7728668945,0.2170596493,0.0000212365,0.8748909012,1.000000
1671,4.0815828041,0.7719573372,0.2201602365,-0.0000084415,0.8749226891,0.999878
1672,4.0840254030,0.7726955961,0.2192660141,-0.0000272186,0.8746305143,0.999756
1673,4.0864680020,0.7715223737,0.2216997734,0.0000273109,0.8751168998,1.000000
1674,4.0889106009,0.7734471255,0.2188410063,-0.0000202649,0.8772687158,0.999878
1675,4.0913531998,0.7688459342,0.2275152443,0.0000140973,0.8753519430,1.000000
1676,4.0937957987,0.7723866748,0.2227122629,0.0000455959,0.8774578623,1.000000
1677,4.0962383977,0.7754864003,0.2170339765,0.0000196022,0.8771664861,1.000000
1678,4.0986809966,0.7752635951,0.2175751164,-0.0000200511,0.8751998384,0.999756
1679,4.1011235955,0.7774406561,0.2147490302,0.0000531602,0.8784339452,1.000000
1680,4.1035661944,0.7757028957,0.2174930024,0.0000400645,0.8776753243,1.000000
1681,4.1060087934,0.7712317690,0.2253254962,0.0000374121,0.8798840173,1.000000
1682,4.1084513923,0.7731844355,0.2219277534,0.0000224301,0.8795456301,1.000000
1683,4.1108939912,0.7762604660,0.2201166197,0.0000199493,0.8819881298,1.000000
1684,4.1133365901,0.7761549554,0.2200174067,0.0000086551,0.8773844338,1.000000
1685,4.1157791891,0.7761725224,0.2201570065,-0.0000178884,0.8803799193,0.999878
1686,4.1182217880,0.7791114069,0.2169122599,0.0000343187,0.8833922043,1.000000
1687,4.1206643869,0.7804977362,0.2151910907,0.0000114990,0.8786882491,1.000000
1688,4.1231069858,0.7729556433,0.2272218442,0.0000429426,0.8765323863,1.000000
1689,4.1255495848,0.7826377393,0.2120175137,0.0000417578,0.8803732690,1.000000
1690,4.1279921837,0.7778858785,0.2211263876,0.0000027815,0.8783178028,1.000000
1691,4.1304347826,0.7837558769,0.2117634678,0.0000328707,0.8794031277,1.000000
1692,4.1328773815,0.7803299121,0.2177933220,0.0000182438,0.8786957970,1.000000
1693,4.1353199805,0.7790754233,0.2206436830,-0.0000259866,0.8791065610,0.999878
1694,4.1377625794,0.7839917817,0.2134781512,0.0000263817,0.8793327965,1.000000
1695,4.1402051783,0.7813145466,0.2189441294,-0.0000140879,0.8814930514,0.999878
1696,4.1426477772,0.7842693602,0.2137597175,0.0000404545,0.8820138342,1.000000
1697,4.1450903762,0.7862594882,0.2120193466,-0.0000025224,0.8815262303,0.999878
1698,4.1475329751,0.7834764497,0.2162912172,0.0000398469,0.8803368203,1.000000
1699,4.1499755740,0.7860093587,0.2135453133,0.0000332412,0.8801789728,1.000000
1700,4.1524181729,0.7833776620,0.2185036041,0.0000073003,0.8842278343,1.000000
1701,4.1548607719,0.7806616325,0.2236005326,0.0000045129,0.8836795310,1.000000
1702,4.1573033708,0.7848814190,0.2177544262,0.0000213632,0.8817402037,1.000000
1703,4.1597459697,0.7833674118,0.2209472823,0.0000160944,0.8867466439,1.000000
1704,4.1621885686,0.7863524854,0.2167107069,0.0000379005,0.8857217395,1.000000
1705,4.1646311676,0.7833089929,0.2223396080,0.0000098329,0.8843934940,1.000000
1706,4.1670737665,0.7872777733,0.2165376488,0.0000262704,0.8851077221,1.000000
1707,4.1695163654,0.7890226005,0.2139498087,0.0000064173,0.8837083227,1.000000
1708,4.1719589643,0.7851518173,0.2211189323,0.0000370760,0.8835158796,1.000000
1709,4.1744015633,0.7857012020,0.2206007286,0.0000053050,0.8891728861,1.000000
1710,4.1768441622,0.7893559589,0.2148007469,-0.0000108665,0.8858517048,0.999878
1711,4.1792867611,0.7884839407,0.2167904883,-0.0000243284,0.8863738050,0.999878
1712,4.1817293600,0.7883611277,0.2169675263,0.0000426323,0.8877623141,1.000000
1713,4.1841719590,0.7885067635,0.2176048585,0.0000323097,0.8846273103,1.000000
1714,4.1866145579,0.7929789890,0.2098805363,-0.0000223224,0.8883936268,0.999878
1715,4.1890571568,0.7921850426,0.2125123678,0.0000056410,0.8878957318,1.000000
1716,4.1914997557,0.7918892399,0.2136895632,0.0000350061,0.8876631927,1.000000
1717,4.1939423547,0.7871691375,0.2218310645,0.0000318901,0.8902264912,1.000000
1718,4.1963849536,0.7863591441,0.2237204833,0.0000367896,0.8905339522,1.000000
1719,4.1988275525,0.7899194810,0.2187506910,0.0000196430,0.8877559561,1.000000
1720,4.2012701514,0.7868542040,0.2242617789,0.0000058465,0.8960555701,1.000000
1721,4.2037127504,0.7907226379,0.2194273791,-0.0000561574,0.8885932992,0.999878
1722,4.2061553493,0.7969292363,0.2086433962,0.0000093130,0.8877176129,1.000000
1723,4.2085979482,0.7938663898,0.2153651591,-0.0000016293,0.8887718725,0.999878
1724,4.2110405471,0.7989769002,0.2073246280,0.0000132745,0.8896576950,1.000000
1725,4.2134831461,0.7914574531,0.2210463993,0.0000377046,0.8941130256,1.000000
1726,4.2159257450,0.7942901928,0.2159296133,0.0000208636,0.8960106792,1.000000
1727,4.2183683439,0.7943840726,0.2161502852,-0.0000488158,0.8918861452,0.999878
1728,4.2208109428,0.7961973166,0.2143475624,-0.0000040223,0.8916864561,0.999878
1729,4.2232535418,0.7993541384,0.2091800872,-0.0000361563,0.8937481390,0.999756
1730,4.2256961407,0.7930628130,0.2195340139,0.0000013846,0.8912263348,1.000000
1731,4.2281387396,0.7947030305,0.2167969618,0.0000107002,0.8969553336,1.000000
1732,4.2305813385,0.7979222844,0.2121473493,0.0000388445,0.8926932670,1.000000
1733,4.2330239375,0.7974531769,0.2104866052,0.0000406509,0.8938253379,1.000000
1734,4.2354665364,0.7963951980,0.2123720370,0.0000225415,0.8913610699,1.000000
1735,4.2379091353,0.7975696315,0.2089365701,0.0000485900,0.8915664446,1.000000
1736,4.2403517342,0.8007745265,0.2044007574,-0.0000225938,0.8916245687,0.999878
1737,4.2427943332,0.7976121270,0.2102823271,0.0000254243,0.8973060643,1.000000
1738,4.2452369321,0.7934174157,0.2188164549,0.0000305254,0.8998760505,1.000000
1739,4.2476795310,0.7959868962,0.2139414504,0.0000038645,0.8946506395,1.000000
1740,4.2501221299,0.8015337493,0.2050728451,0.0000234211,0.8954626211,1.000000
1741,4.2525647289,0.8048563213,0.1991960987,0.0000200173,0.8969312273,1.000000
1742,4.2550073278,0.7996472369,0.2085888061,0.0000294135,0.8964561569,1.000000
1743,4.2574499267,0.8027359242,0.2033645018,-0.0000009777,0.8975803844,0.999878
1744,4.2598925256,0.8027962933,0.2029480069,0.0000373298,0.8955405478,1.000000
1745,4.2623351246,0.8024075485,0.2039625016,0.0000317869,0.8992143197,1.000000
1746,4.2647777235,0.8030361998,0.2026839784,0.0000110671,0.8982581256,1.000000
1747,4.2672203224,0.8016529000,0.2085356759,-0.0000189849,0.8966110133,0.999878
1748,4.2696629213,0.8021461764,0.2077627573,-0.0000074127,0.8993365323,0.999878
1749,4.2721055203,0.8036275415,0.2044276496,0.0000424044,0.9022364221,1.000000
1750,4.2745481192,0.8052355089,0.2027327941,0.0000498814,0.8985037011,1.000000
1751,4.2769907181,0.8046904897,0.2043727299,0.0000066172,0.9019721100,1.000000
1752,4.2794333170,0.8097494358,0.1967239677,0.0000421790,0.8975686159,1.000000
1753,4.2818759160,0.8025041011,0.2095385622,0.0000260699,0.8993456005,1.000000
1754,4.2843185149,0.8082086927,0.1998152919,0.0000080367,0.9058455626,1.000000
1755,4.2867611138,0.8060386936,0.2038945656,0.0000293248,0.8982133231,1.000000
1756,4.2892037128,0.8072702794,0.2020593425,0.0000630950,0.9013645004,1.000000
1757,4.2916463117,0.8088311648,0.1994732983,0.0000336207,0.9008059068,1.000000
1758,4.2940889106,0.8092260074,0.1998212506,0.0000197128,0.9026924347,1.000000
1759,4.2965315095,0.8080655786,0.2032491031,0.0000130201,0.8996954215,1.000000
1760,4.2989741085,0.8063170394,0.2051915860,0.0000111320,0.9039105316,1.000000
1761,4.3014167074,0.8102254640,0.2008675948,0.0000333995,0.9027319195,1.000000
1762,4.3038593063,0.8128353847,0.1932513310,-0.0000434279,0.9026571380,0.999512
1763,4.3063019052,0.8109873127,0.1970807562,0.0000463040,0.9021711239,1.000000
1764,4.3087445042,0.8097583367,0.2008939230,0.0000405049,0.9029641253,1.000000
1765,4.3111871031,0.8121797629,0.1956532031,-0.0000141954,0.9063878830,0.999878
1766,4.3136297020,0.8113047217,0.1966215942,0.0000147323,0.9013699785,1.000000
1767,4.3160723009,0.8112833459,0.1977061196,0.0000101449,0.9080658698,1.000000
1768,4.3185148999,0.8157474116,0.1893925404,-0.0000099581,0.9051427594,0.999878
1769,4.3209574988,0.8154717267,0.1897221417,0.0000268115,0.9032092337,1.000000
1770,4.3234000977,0.8123189717,0.1965786983,0.0000225637,0.9052740167,1.000000
1771,4.3258426966,0.8116613922,0.1974639839,0.0000413664,0.9044484489,1.000000
1772,4.3282852956,0.8140578903,0.1934154947,-0.0000000229,0.9050553216,0.999878
1773,4.3307278945,0.8157759093,0.1906343826,0.0000296351,0.9051435132,1.000000
1774,4.3331704934,0.8157336509,0.1904437287,0.0000054218,0.9046887693,1.000000
1775,4.3356130923,0.8192416746,0.1835230544,-0.0000222998,0.9018057051,0.999878
1776,4.3380556913,0.8169628836,0.1884790705,0.0000279615,0.9035763653,1.000000
1777,4.3404982902,0.8194720565,0.1832122826,0.0000053897,0.9076943702,1.000000
1778,4.3429408891,0.8227853243,0.1782192767,0.0000106543,0.9042888511,1.000000
1779,4.3453834880,0.8206353075,0.1829625716,-0.0000016255,0.9074728606,0.999878
1780,4.3478260870,0.8170992518,0.1899889524,0.0000237746,0.9032104936,1.000000
1781,4.3502686859,0.8228757906,0.1787283275,0.0000284847,0.9091696746,1.000000
1782,4.3527112848,0.8178195785,0.1899095436,-0.0000065889,0.9052866689,0.999878
1783,4.3551538837,0.8215271674,0.1833970921,0.0000214724,0.9062212203,1.000000
1784,4.3575964827,0.8221288338,0.1819033287,0.0000222884,0.9056463903,1.000000
1785,4.3600390816,0.8208062279,0.1836095104,0.0000207282,0.9105598789,1.000000
1786,4.3624816805,0.8215584959,0.1809984771,-0.0000197110,0.9074235743,0.999878
1787,4.3649242794,0.8216616238,0.1805092789,0.0000258057,0.9084150163,1.000000
1788,4.3673668784,0.8252825681,0.1724858059,-0.0000883015,0.9110641952,0.999878
1789,4.3698094773,0.8246082092,0.1719959791,0.0000319704,0.9073006299,1.000000
1790,4.3722520762,0.8265789439,0.1698200899,0.0000418003,0.9065252054,1.000000
1791,4.3746946751,0.8262551035,0.1696758961,0.0000062829,0.9094333488,1.000000
1792,4.3771372741,0.8232263370,0.1753761000,0.0000247040,0.9077829147,1.000000
1793,4.3795798730,0.8257680048,0.1711374878,-0.0000049834,0.9127495095,0.999878
1794,4.3820224719,0.8248696269,0.1739661298,0.0000341368,0.9116945836,1.000000
1795,4.3844650708,0.8246684568,0.1720178697,0.0000687270,0.9148253364,1.000000
1796,4.3869076698,0.8269253706,0.1656410019,0.0000438676,0.9091450754,1.000000
1797,4.3893502687,0.8284296797,0.1625222746,0.0000351711,0.9116277787,1.000000
1798,4.3917928676,0.8266725308,0.1647256475,0.0000174078,0.9078544562,1.000000
1799,4.3942354665,0.8284623576,0.1607980599,0.0000590170,0.9129326323,1.000000
1800,4.3966780655,0.8256470408,0.1669500175,-0.0000012886,0.9116548351,0.999878
1801,4.3991206644,0.8291226383,0.1579335874,0.0000534165,0.9128994795,1.000000
1802,4.4015632633,0.8295313537,0.1583267721,0.0000483787,0.9114048916,1.000000
1803,4.4040058622,0.8328991115,0.1481067092,0.0000406515,0.9143815359,1.000000
1804,4.4064484612,0.8329511209,0.1491703923,0.0000567968,0.9171473576,1.000000
1805,4.4088910601,0.8339969343,0.1474658215,0.0000254316,0.9161113752,1.000000
1806,4.4113336590,0.8327262215,0.1494262024,0.0000124220,0.9167457731,1.000000
1807,4.4137762579,0.8340834979,0.1455073156,-0.0000027659,0.9152937297,0.999756
1808,4.4162188569,0.8342758650,0.1439734169,0.0000140852,0.9179375574,1.000000
1809,4.4186614558,0.8332411790,0.1480434923,0.0000564003,0.9117699468,1.000000
1810,4.4211040547,0.8318215312,0.1473337380,0.0000201458,0.9142292292,1.000000
1811,4.4235466536,0.8372415934,0.1349058307,0.0000209361,0.9128432604,1.000000
1812,4.4259892526,0.8361160662,0.1374532774,0.0000256922,0.9136869343,1.000000
1813,4.4284318515,0.8391947564,0.1276747295,-0.0000356894,0.9144145339,0.999878
1814,4.4308744504,0.8372217288,0.1349184147,0.0000404617,0.9160837628,1.000000
1815,4.4333170493,0.8388221558,0.1317009065,-0.0000086795,0.9173269965,0.999878
1816,4.4357596483,0.8376159337,0.1356877218,0.0000165853,0.9169085306,1.000000
1817,4.4382022472,0.8356798234,0.1420542315,0.0000227788,0.9146925679,1.000000
1818,4.4406448461,0.8389994346,0.1338988152,0.0000068120,0.9152246185,1.000000
1819,4.4430874450,0.8386555231,0.1379722216,0.0000127354,0.9170013477,1.000000
1820,4.4455300440,0.8415645344,0.1308088026,-0.0000335713,0.9162554586,0.999878
1821,4.4479726429,0.8415691870,0.1312637111,0.0000618490,0.9209184655,1.000000
1822,4.4504152418,0.8393592206,0.1380837373,0.0000630018,0.9200846523,1.000000
1823,4.4528578407,0.8382596477,0.1421826512,0.0000533292,0.9193194834,1.000000
1824,4.4553004397,0.8462527470,0.1216813852,0.0000268244,0.9187785397,1.000000
1825,4.4577430386,0.8402231389,0.1398218286,0.0000578018,0.9235024505,1.000000
1826,4.4601856375,0.8416545397,0.1375522976,0.0000459387,0.9201780600,1.000000
1827,4.4626282364,0.8435597246,0.1309310473,0.0000713018,0.9249961579,1.000000
1828,4.4650708354,0.8442916363,0.1333086022,0.0000580219,0.9216958079,1.000000
1829,4.4675134343,0.8454810296,0.1284313582,0.0000359315,0.9200987666,1.000000
1830,4.4699560332,0.8453994569,0.1281725948,0.0000030950,0.9219659733,1.000000
1831,4.4723986321,0.8422523115,0.1390432623,0.0000516115,0.9260225637,1.000000
1832,4.4748412311,0.8452274692,0.1323900939,0.0000669596,0.9220337619,1.000000
1833,4.4772838300,0.8474134095,0.1262680237,0.0000376929,0.9202890653,1.000000
1834,4.4797264289,0.8487878118,0.1253166036,0.0000402096,0.9263897093,1.000000
1835,4.4821690278,0.8491385155,0.1235392544,0.0000654958,0.9309698153,1.000000
1836,4.4846116268,0.8478165412,0.1331665048,0.0000869032,0.9201050748,1.000000
1837,4.4870542257,0.8495417531,0.1262021612,0.0000470712,0.9239123741,1.000000
1838,4.4894968246,0.8476336051,0.1347931774,0.0000704001,0.9196218923,1.000000
1839,4.4919394235,0.8468626494,0.1374744093,0.0000424899,0.9202042523,1.000000
1840,4.4943820225,0.8500500302,0.1297622415,0.0000549474,0.9230095138,1.000000
1841,4.4968246214,0.8490602140,0.1361011751,0.0000752840,0.9264212783,1.000000
1842,4.4992672203,0.8516047563,0.1306675899,0.0000417232,0.9235445658,1.000000
1843,4.5017098192,0.8532933170,0.1239833021,0.0000630361,0.9228041398,1.000000
1844,4.5041524182,0.8533885303,0.1273479466,-0.0000276785,0.9263401415,0.999878
1845,4.5065950171,0.8549689567,0.1229842581,0.0000644604,0.9292903466,1.000000
1846,4.5090376160,0.8552348170,0.1225457465,0.0000569058,0.9230469663,1.000000
1847,4.5114802149,0.8574638291,0.1187675320,-0.0000461184,0.9250868366,0.999878
1848,4.5139228139,0.8556332775,0.1256176336,0.0000389326,0.9241475880,1.000000
1849,4.5163654128,0.8530076289,0.1366182458,0.0000420248,0.9318048848,1.000000
1850,4.5188080117,0.8547683026,0.1319713358,0.0000339968,0.9280009038,1.000000
1851,4.5212506106,0.8571802714,0.1252988714,0.0000476200,0.9220468119,1.000000
1852,4.5236932096,0.8545704517,0.1359524519,0.0000458681,0.9251890400,1.000000
1853,4.5261358085,0.8574982517,0.1269428134,0.0000256446,0.9237953311,1.000000
1854,4.5285784074,0.8588636863,0.1264434891,0.0000649011,0.9247037617,1.000000
1855,4.5310210064,0.8599098363,0.1205266266,0.0000642739,0.9236228723,1.000000
1856,4.5334636053,0.8603642464,0.1226761386,0.0000507065,0.9277942464,1.000000
1857,4.5359062042,0.8584256525,0.1310398956,0.0000055513,0.9251466012,1.000000
1858,4.5383488031,0.8595349736,0.1302379233,0.0000261150,0.9249344045,1.000000
1859,4.5407914021,0.8604019273,0.1280308597,0.0000542240,0.9279229337,1.000000
1860,4.5432340010,0.8616871088,0.1251924105,0.0000585296,0.9306580124,1.000000
1861,4.5456765999,0.8611970249,0.1292137528,0.0000435807,0.9304987796,1.000000
1862,4.5481191988,0.8631927504,0.1239653313,0.0000502468,0.9273452594,1.000000
1863,4.5505617978,0.8644034013,0.1221603821,0.0000320642,0.9243781318,1.000000
1864,4.5530043967,0.8634776000,0.1270153471,0.0000729733,0.9282112356,1.000000
1865,4.5554469956,0.8661875198,0.1202670735,0.0000635711,0.9259972025,1.000000
1866,4.5578895945,0.8658046167,0.1239727998,0.0000369336,0.9278059298,1.000000
1867,4.5603321935,0.8660722532,0.1255371252,0.0000426247,0.9257510403,1.000000
1868,4.5627747924,0.8672474805,0.1233403092,0.0000115684,0.9286128296,1.000000
1869,4.5652173913,0.8646311695,0.1338555481,0.0000493645,0.9290516373,1.000000
1870,4.5676599902,0.8675317495,0.1270284247,0.0000532739,0.9270155977,1.000000
1871,4.5701025892,0.8660814978,0.1345436832,0.0000440521,0.9289014374,1.000000
1872,4.5725451881,0.8690639106,0.1267800096,-0.0000098241,0.9274983548,0.999878
1873,4.5749877870,0.8672339285,0.1346692016,0.0000559126,0.9331320162,1.000000
1874,4.5774303859,0.8704959261,0.1275453689,0.0000452721,0.9309107257,1.000000
1875,4.5798729849,0.8701949422,0.1303098111,0.0000659238,0.9301425133,1.000000
1876,4.5823155838,0.8715675888,0.1273479758,0.0000393577,0.9338886362,1.000000
1877,4.5847581827,0.8715061280,0.1296238217,-0.0000107198,0.9351196145,0.999878
1878,4.5872007816,0.8713278749,0.1326346113,0.0000465154,0.9317721376,1.000000
1879,4.5896433806,0.8748524553,0.1230585792,0.0000781565,0.9328630488,1.000000
1880,4.5920859795,0.8739677941,0.1291740893,0.0000361415,0.9334475459,1.000000
1881,4.5945285784,0.8742928384,0.1292833428,0.0000334559,0.9381088636,1.000000
1882,4.5969711773,0.8768600096,0.1213220966,0.0000181277,0.9419248795,1.000000
1883,4.5994137763,0.8746068761,0.1299761350,0.0000281935,0.9320016984,1.000000
1884,4.6018563752,0.8775097198,0.1226539604,0.0000727814,0.9350851659,1.000000
1885,4.6042989741,0.8756363260,0.1294603464,0.0000650525,0.9388442949,1.000000
1886,4.6067415730,0.8766427780,0.1293924681,0.0000055761,0.9401273836,1.000000
1887,4.6091841720,0.8746951399,0.1364052794,0.0000546898,0.9332644399,1.000000
1888,4.6116267709,0.8762473944,0.1342682070,-0.0000220762,0.9411992271,0.999878
1889,4.6140693698,0.8774507859,0.1314531805,0.0000345115,0.9462718833,1.000000
1890,4.6165119687,0.8772562985,0.1337842521,0.0000259614,0.9382002406,1.000000
1891,4.6189545677,0.8777987880,0.1341038443,0.0000289708,0.9414873394,1.000000
1892,4.6213971666,0.8799043340,0.1279858342,0.0000721159,0.9387386002,1.000000
1893,4.6238397655,0.8766277588,0.1403126453,0.0000474398,0.9405072293,1.000000
1894,4.6262823644,0.8765651297,0.1424326652,0.0000657654,0.9394739810,1.000000
1895,4.6287249634,0.8770054863,0.1417957572,0.0000306081,0.9418693070,1.000000
1896,4.6311675623,0.8808107431,0.1308363695,0.0000706127,0.9366550261,1.000000
1897,4.6336101612,0.8838912254,0.1214174224,-0.0000121726,0.9445395633,0.999878
1898,4.6360527601,0.8814562158,0.1280134487,0.0000104323,0.9424664967,1.000000
1899,4.6384953591,0.8815367130,0.1297231402,0.0000199863,0.9402520623,1.000000
1900,4.6409379580,0.8820534453,0.1311634999,0.0000535659,0.9430098582,1.000000
1901,4.6433805569,0.8859353538,0.1178877159,0.0000500034,0.9445874430,1.000000
1902,4.6458231558,0.8839018300,0.1267597796,0.0000676687,0.9453409122,1.000000
1903,4.6482657548,0.8853237148,0.1250924243,0.0000587924,0.9455129589,1.000000
1904,4.6507083537,0.8874132726,0.1189985304,0.0000650210,0.9441892156,1.000000
1905,4.6531509526,0.8869358154,0.1224721249,0.0000491263,0.9486903029,1.000000
1906,4.6555935515,0.8875236409,0.1213400328,0.0000455126,0.9467238423,1.000000
1907,4.6580361505,0.8865643571,0.1273022781,0.0000703271,0.9499534140,1.000000
1908,4.6604787494,0.8898035673,0.1183783316,0.0000732467,0.9457507696,1.000000
1909,4.6629213483,0.8864625332,0.1304293609,0.0000378684,0.9448979743,1.000000
1910,4.6653639472,0.8878517325,0.1297003903,0.0000364177,0.9467401915,1.000000
1911,4.6678065462,0.8889280322,0.1275267293,0.0000227475,0.9631045487,1.000000
1912,4.6702491451,0.8916087812,0.1199261507,0.0000447961,0.9516276117,1.000000
1913,4.6726917440,0.8905829571,0.1275678049,0.0000259939,0.9466978021,1.000000
1914,4.6751343429,0.8912458227,0.1267674119,0.0000507134,0.9510562006,1.000000
1915,4.6775769419,0.8927849828,0.1224108725,0.0000237678,0.9515221645,1.000000
1916,4.6800195408,0.8927774205,0.1242645772,0.0000031559,0.9490962412,1.000000
1917,4.6824621397,0.8934994503,0.1239145447,0.0000662563,0.9461463843,1.000000
1918,4.6849047386,0.8934387039,0.1275574559,0.0000346741,0.9483569158,1.000000
1919,4.6873473376,0.8957225680,0.1215215243,0.0000290220,0.9496582152,1.000000
1920,4.6897899365,0.8945004542,0.1278307696,0.0000059519,0.9480041350,1.000000
1921,4.6922325354,0.8951361720,0.1278251454,0.0000426376,0.9487913252,1.000000
1922,4.6946751343,0.8961886904,0.1246779210,0.0000259481,0.9501587362,1.000000
1923,4.6971177333,0.8966815642,0.1269150726,-0.0000135476,0.9509995992,0.999878
1924,4.6995603322,0.8958811070,0.1322189241,0.0000298585,0.9512803766,1.000000
1925,4.7020029311,0.8959219467,0.1347433422,0.0000508804,0.9527171432,1.000000
1926,4.7044455300,0.8978000476,0.1303072335,0.0000268627,0.9512476837,1.000000
1927,4.7068881290,0.8976467630,0.1334405002,-0.0000025434,0.9526565124,0.999878
1928,4.7093307279,0.8972138002,0.1359192961,0.0000447957,0.9573402863,1.000000
1929,4.7117733268,0.8987986105,0.1328603336,0.0000717003,0.9564364331,1.000000
1930,4.7142159257,0.8998435818,0.1298356725,0.0000267406,0.9529312332,1.000000
1931,4.7166585247,0.9002016792,0.1314018643,0.0000474708,0.9584821776,1.000000
1932,4.7191011236,0.9000838999,0.1342991256,0.0000109909,0.9562807640,1.000000
1933,4.7215437225,0.8987440482,0.1409857766,0.0000526105,0.9554428307,1.000000
1934,4.7239863214,0.9050491218,0.1218747147,0.0000019813,0.9562166932,1.000000
1935,4.7264289204,0.9022122507,0.1347810274,0.0000845459,0.9563442045,1.000000
1936,4.7288715193,0.9059803993,0.1234325861,0.0000776352,0.9543135474,1.000000
1937,4.7313141182,0.9034245392,0.1343348495,0.0000139937,0.9596714216,1.000000
1938,4.7337567171,0.9032979695,0.1369844293,0.0000569955,0.9599004063,1.000000
1939,4.7361993161,0.9038447337,0.1357211186,0.0000530519,0.9583697506,1.000000
1940,4.7386419150,0.9034348886,0.1386829980,0.0000147687,0.9577680788,1.000000
1941,4.7410845139,0.9055514768,0.1332347789,0.0000430127,0.9598311965,1.000000
1942,4.7435271128,0.9036407292,0.1409717797,0.0000282166,0.9585917063,1.000000
1943,4.7459697118,0.9070966491,0.1333802447,0.0000228487,0.9652599716,1.000000
1944,4.7484123107,0.9073029964,0.1334048531,-0.0000326846,0.9589867903,0.999878
1945,4.7508549096,0.9070169877,0.1365241511,0.0000271813,0.9657745838,1.000000
1946,4.7532975085,0.9075262157,0.1358664727,0.0000545244,0.9635199295,1.000000
1947,4.7557401075,0.9075484075,0.1380273503,0.0000584140,0.9600712251,1.000000
1948,4.7581827064,0.9070791041,0.1412775527,-0.0000241980,0.9606342401,0.999878
1949,4.7606253053,0.9113168550,0.1299235057,0.0000473729,0.9681283249,1.000000
1950,4.7630679043,0.9096074026,0.1367435086,-0.0000180823,0.9668272975,0.999878
1951,4.7655105032,0.9093743527,0.1400203836,0.0000022662,0.9648421779,1.000000
1952,4.7679531021,0.9114291041,0.1351652360,0.0000371346,0.9642159750,1.000000
1953,4.7703957010,0.9139435365,0.1275010766,0.0000268133,0.9663170319,1.000000
1954,4.7728383000,0.9110599625,0.1383239848,0.0000228271,0.9666164071,1.000000
1955,4.7752808989,0.9092030322,0.1441277713,0.0000463208,0.9667999310,1.000000
1956,4.7777234978,0.9138142286,0.1322639283,0.0000155576,0.9652857959,1.000000
1957,4.7801660967,0.9132304685,0.1356397081,0.0000493217,0.9658050974,1.000000
1958,4.7826086957,0.9139064051,0.1353038875,0.0000354933,0.9645568326,1.000000
1959,4.7850512946,0.9114348835,0.1443121681,-0.0000068629,0.9649635507,0.999878
1960,4.7874938935,0.9161863723,0.1302169388,0.0000353202,0.9707255044,1.000000
1961,4.7899364924,0.9161985548,0.1312720222,0.0000220588,0.9679145842,1.000000
1962,4.7923790914,0.9185719006,0.1228777017,0.0000529402,0.9653205059,1.000000
1963,4.7948216903,0.9166760038,0.1315019940,0.0000038313,0.9819976104,1.000000
1964,4.7972642892,0.9175741401,0.1268988362,0.0000196755,0.9687756821,1.000000
1965,4.7997068881,0.9187777628,0.1224542917,0.0000409978,0.9703497964,1.000000
1966,4.8021494871,0.9174138573,0.1243878035,0.0000345109,0.9683148414,1.000000
1967,4.8045920860,0.9175904112,0.1228835848,0.0000541370,0.9744691361,1.000000
1968,4.8070346849,0.9201562131,0.1143738437,0.0000147335,0.9679283639,1.000000
1969,4.8094772838,0.9199780366,0.1154553183,0.0000575304,0.9702322360,1.000000
1970,4.8119198828,0.9187055496,0.1225541806,0.0000236237,0.9721890651,1.000000
1971,4.8143624817,0.9200547848,0.1174989592,0.0000546087,0.9719288381,1.000000
1972,4.8168050806,0.9216384377,0.1152397387,0.0000241336,0.9710404064,1.000000
1973,4.8192476795,0.9225386140,0.1123885194,0.0000557273,0.9744100526,1.000000
1974,4.8216902785,0.9219235112,0.1155281611,0.0000259956,0.9708525274,1.000000
1975,4.8241328774,0.9234415620,0.1113872581,-0.0000238843,0.9741015799,0.999878
1976,4.8265754763,0.9228576370,0.1167409533,0.0000157715,0.9737887041,1.000000
1977,4.8290180752,0.9259720770,0.1063202409,0.0000083503,0.9735774647,1.000000
1978,4.8314606742,0.9251257845,0.1115598503,0.0000135831,0.9768069548,1.000000
1979,4.8339032731,0.9230484975,0.1211893989,-0.0000126619,0.9784302385,0.999878
1980,4.8363458720,0.9267687943,0.1085164180,0.0000391335,0.9745512990,1.000000
1981,4.8387884709,0.9278291685,0.1062992029,0.0000715070,0.9780164123,1.000000
1982,4.8412310699,0.9245987525,0.1190426585,0.0000405577,0.9767966529,1.000000
1983,4.8436736688,0.9277705771,0.1108917625,0.0000200227,0.9763893805,1.000000
1984,4.8461162677,0.9270588901,0.1164763779,0.0000472716,0.9757727486,1.000000
1985,4.8485588666,0.9292522084,0.1098310299,0.0000389836,0.9740809113,1.000000
1986,4.8510014656,0.9299353719,0.1071846664,0.0000383711,0.9764416292,1.000000
1987,4.8534440645,0.9303516338,0.1085492592,0.0000229525,0.9719666753,1.000000
1988,4.8558866634,0.9287296762,0.1192937076,0.0000107705,0.9753398464,1.000000
1989,4.8583292623,0.9285731188,0.1220336520,0.0000403059,0.9771030251,1.000000
1990,4.8607718613,0.9287061595,0.1239316470,0.0000340686,0.9770342936,1.000000
1991,4.8632144602,0.9308045736,0.1182380855,-0.0000050634,0.9806609504,0.999878
1992,4.8656570591,0.9306712030,0.1190819745,-0.0000020068,0.9786449903,0.999878
1993,4.8680996580,0.9327159366,0.1136381564,0.0000188163,0.9792926443,1.000000
1994,4.8705422570,0.9328352479,0.1165217662,0.0000162981,0.9794825303,1.000000
1995,4.8729848559,0.9321953101,0.1209923577,0.0000265869,0.9774441305,1.000000
1996,4.8754274548,0.9327139508,0.1228877336,-0.0000039908,0.9781209996,0.999878
1997,4.8778700537,0.9339896985,0.1200859180,0.0000254222,0.9762495825,1.000000
1998,4.8803126527,0.9325974393,0.1272572925,0.0000432578,0.9801503908,1.000000
1999,4.8827552516,0.9361777117,0.1150041547,0.0000355979,0.9814251829,1.000000
2000,4.8851978505,0.9372215212,0.1129269187,0.0000694315,0.9837234739,1.000000
2001,4.8876404494,0.9332821282,0.1307705415,0.0000426955,0.9777827241,1.000000
2002,4.8900830484,0.9351041240,0.1263078501,0.0000293104,0.9796953061,1.000000
2003,4.8925256473,0.9349360662,0.1297823435,0.0000476554,0.9808118820,1.000000
2004,4.8949682462,0.9366482513,0.1256537154,0.0000061809,0.9808631096,1.000000
2005,4.8974108451,0.9379482300,0.1225673707,0.0000380173,0.9836710515,1.000000
2006,4.8998534441,0.9360890907,0.1318102619,0.0000228545,0.9796504747,1.000000
2007,4.9022960430,0.9380854964,0.1270892530,0.0000295516,0.9817862345,1.000000
2008,4.9047386419,0.9408333798,0.1192984100,0.0000272453,0.9861556354,1.000000
2009,4.9071812408,0.9403166560,0.1232411650,0.0000051554,0.9846043143,1.000000
2010,4.9096238398,0.9383901281,0.1328698925,0.0000100959,0.9848402818,1.000000
2011,4.9120664387,0.9411599993,0.1240966662,-0.0000082139,0.9841596160,0.999878
2012,4.9145090376,0.9399984493,0.1305249687,0.0000136499,0.9843339048,1.000000
2013,4.9169516365,0.9406571988,0.1305238636,0.0000452351,0.9835694480,1.000000
2014,4.9193942355,0.9437963998,0.1211555009,0.0000065374,0.9845412287,1.000000
2015,4.9218368344,0.9437789964,0.1235960241,0.0000384017,0.9852468715,1.000000
2016,4.9242794333,0.9444562342,0.1223609428,0.0000115535,0.9852390473,1.000000
2017,4.9267220322,0.9425403804,0.1315272701,0.0000684754,0.9866521789,1.000000
2018,4.9291646312,0.9449066662,0.1241399526,0.0000630652,0.9870043216,1.000000
2019,4.9316072301,0.9454640255,0.1240870535,0.0000621111,0.9889538493,1.000000
2020,4.9340498290,0.9450914205,0.1266469442,0.0000527491,0.9889540588,1.000000
2021,4.9364924279,0.9422620635,0.1382251976,0.0000175762,0.9867825930,1.000000
2022,4.9389350269,0.9447965666,0.1313495376,0.0000768277,0.9882673779,1.000000
2023,4.9413776258,0.9463186195,0.1283449034,0.0000174578,0.9891039160,1.000000
2024,4.9438202247,0.9442767096,0.1379378605,0.0000239597,0.9939216829,1.000000
2025,4.9462628236,0.9472485104,0.1295446690,0.0000203809,0.9888792450,1.000000
2026,4.9487054226,0.9448950511,0.1391816745,0.0000256674,0.9911269215,1.000000
2027,4.9511480215,0.9483228406,0.1300494127,0.0000347648,0.9929806377,1.000000
2028,4.9535906204,0.9479845888,0.1329594020,0.0000611647,0.9926309058,1.000000
2029,4.9560332193,0.9489588369,0.1299403976,-0.0000013899,0.9916602737,0.999878
2030,4.9584758183,0.9468942713,0.1395383426,0.0000343564,0.9964839468,1.000000
2031,4.9609184172,0.9481603713,0.1369036750,0.0000454057,0.9989364655,1.000000
2032,4.9633610161,0.9499582527,0.1315697918,-0.0000418178,0.9941456313,0.999878
2033,4.9658036150,0.9478261785,0.1386395137,0.0000228656,0.9929306861,1.000000
2034,4.9682462140,0.9504999840,0.1312820446,0.0000252614,0.9933618750,1.000000
2035,4.9706888129,0.9525104883,0.1246979629,0.0000312396,0.9948463008,1.000000
2036,4.9731314118,0.9514212979,0.1299577861,0.0000055123,0.9954043339,1.000000
2037,4.9755740107,0.9515709722,0.1310400798,-0.0000350993,0.9957409956,0.999878
2038,4.9780166097,0.9507158183,0.1358110982,0.0000412829,0.9952282384,1.000000
2039,4.9804592086,0.9492261189,0.1422546089,-0.0000065248,1.0005537113,0.999878
2040,4.9829018075,0.9519586455,0.1359404844,0.0000181264,0.9970548256,1.000000
2041,4.9853444064,0.9546285119,0.1277688468,0.0000104221,0.9969770673,1.000000
2042,4.9877870054,0.9531925441,0.1346073520,-0.0000044376,0.9986253927,0.999878
2043,4.9902296043,0.9527829897,0.1377083584,0.0000051523,0.9987193166,1.000000
2044,4.9926722032,0.9540254916,0.1362948677,-0.0000026265,0.9980393932,0.999878
2045,4.9951148021,0.9572488361,0.1272185847,0.0000358080,0.9986546517,1.000000
2046,4.9975574011,0.9554433053,0.1340841302,0.0000413365,1.0017183598,1.000000
2047,5.0000000000,0.9569698155,0.1317180074,-0.0000305967,0.9978206358,0.999756
